id,bn_runmean_cos,bn_runmean_l1_neg,bn_runvar_logcos,bn_affine_cosine,member_sac,member_cka,member_margin_spearman,member_pred_agree,test_sac,test_cka,test_margin_spearman,test_pred_agree,cutmix_sac,cutmix_cka,cutmix_margin_spearman,cutmix_pred_agree,aug_delta_logit_cos,aug_class_delta_p10,aug_class_delta_p50,aug_class_delta_iqr_neg,aug_change_agreement,aug_label_agreement,member_ddv,test_ddv,cutmix_ddv,member_sac_w,test_sac_w,member_sac_hc,test_sac_hc,boundary_pred_agree,boundary_sac,layer1_cos,layer2_cos,layer3_cos,layer4_cos,layer_cos_mean,layer_cos_min,jacobian_cos
0,0.3270561830394923,-0.28646132349967957,0.19597790296937995,0.7005460183620842,0.39233563289906176,0.47122076002787217,0.24009699452424862,0.543,0.4706401408916921,0.5453649160564777,0.37776282894070723,0.5285,0.37600543513768153,0.4732621727224527,0.17322586930646733,0.318,0.06385339809970944,0.01608281971796674,0.065878436305018,-0.049950761431763926,0.7825,0.532,0.9686554670333862,0.9650819897651672,0.912795901298523,,0.4212704680133782,0.6078276229330641,0.6899619459366597,0.235,0.3337442797524701,0.847897552653642,0.800160431668042,0.7088778575058329,0.2823938011560185,0.6598324107458837,0.2823938011560185,0.17355317622423172
1,0.06839997335656166,-0.5950279831886292,0.15313552584314077,0.6186791645224857,0.03366055763158896,0.1767566880070409,0.006408640602160151,0.0525,0.05306246024867674,0.20560833718585114,0.040574863143715785,0.0405,0.21029203234655383,0.18688059549890082,0.043848816462204114,0.0295,0.009394174953121837,-0.030040556075352616,0.009084030218065673,-0.04037872416881557,0.681,0.0455,0.9224019050598145,0.9006953239440918,0.844229519367218,,0.11379306903670137,0.05843241416286841,0.07474303417007197,0.04,0.11951342210931043,0.7376629243721322,0.7318301214285234,0.6836221196027572,0.3038212836520399,0.6142341122638632,0.3038212836520399,-0.0007511647418141365
2,0.45827014791478116,-0.016976362094283104,0.2757695670653901,0.9617436853671639,0.9999194700450936,0.8819096662388278,0.44231242457810616,1.0,0.7628922845963081,0.8346664609040342,0.8007352671838168,0.8,0.5313390156070883,0.6519320606948891,0.45446733861683464,0.537,0.15996423828029505,0.073781084828641,0.1633350253091075,-0.09109722825312135,1.0,1.0,0.9999595284461975,0.9873765110969543,0.9406691193580627,,0.49125263247197865,0.9996850361606261,0.9998531012348999,0.345,0.296205366945167,0.8114206589530458,0.7721336911845138,0.6327392339838573,0.176817344268804,0.5982777320975553,0.176817344268804,0.34690868854522705
3,0.45834607001323446,-0.16423048079013824,0.29324079382778073,0.9019922937980795,0.6855496377430682,0.5901473493019544,0.32509592727398184,0.819,0.4433225385107887,0.6129978435263017,0.5205098636274659,0.594,0.2448721283289372,0.47067958982112895,0.22148152787038197,0.3095,0.09987955698018097,0.03941511707573631,0.10024214455363693,-0.06264844586653245,0.8415,0.847,0.9905872941017151,0.9758840203285217,0.9095645546913147,,0.2808232108361581,0.8577967573786588,0.9339265939231123,0.29,0.26744578856475903,0.82504947259199,0.7751360005417303,0.6490360914157957,0.2505833611695946,0.6249512314297776,0.2505833611695946,0.24608679860830307
4,0.46319737565144875,-0.016567235812544823,0.9924129584323552,0.9683138179783568,0.9999999999999989,0.9999999999972886,0.9999999939999985,1.0,0.9999999999921358,0.9999999999964011,0.9999999924999982,1.0,0.9999999999852022,0.999999999991709,0.9999999849999962,1.0,0.9999999999022147,0.9999999998713975,0.999999999909259,-3.2395752747049755e-11,1.0,1.0,0.9999999403953552,1.0,1.0,,0.9999999999794935,0.9999999999999989,0.9999999999999989,1.0,0.9999999999825586,0.9999999999985549,0.7653798235709622,0.6400800874808537,0.1781348028380764,0.6458986784721118,0.1781348028380764,0.9999998211860657
5,0.9718101956061078,-0.048407331109046936,0.8636009397816673,0.9843146310721362,0.9715219670004083,0.8063856203769777,0.44593335348333835,0.983,0.7105216957517289,0.8093666715676979,0.7535273498818374,0.7685,0.5243084063727426,0.6950237180121759,0.379675531918883,0.519,0.40813424511924123,0.3454515298528569,0.41198913678467947,-0.056083240511536736,0.984,0.988,0.9982463121414185,0.9867184162139893,0.9376811385154724,,0.4768048225241138,0.9836482599590772,0.9959660323607945,0.41,0.4406342917395702,0.9943652763373276,0.9848930567123675,0.9507387796495069,0.8831861402284757,0.9532958132319195,0.8831861402284757,0.5506343245506287
6,0.4762882214450446,-0.016113264486193657,0.39878949312485823,0.9629362435019195,0.999993012976668,0.8838544868348736,0.42890301972575495,1.0,0.7563779794833162,0.8342402161394149,0.7908659532164883,0.7925,0.5385381909609479,0.6538714732582604,0.4548728652182163,0.5375,0.15222382284351654,0.06089276258274363,0.15695400527848713,-0.09568022298709282,1.0,1.0,0.9999849796295166,0.9888612627983093,0.9414358735084534,,0.4702539353465642,0.9999996491329183,0.9987861184587252,0.35,0.30381708619619163,0.8061166176982049,0.7893462117062485,0.6416608080074943,0.1795158991649875,0.6041598841442338,0.1795158991649875,0.32681261003017426
7,0.06661547761285187,-0.5023894309997559,0.14531978867842912,0.6188181323451285,0.08786267421156459,0.2733826759079392,0.033762426940606736,0.135,0.1426084604682143,0.3290408002101087,0.04823550455887614,0.1475,0.2339929715228729,0.2743630799937867,0.035929256982314244,0.1035,0.02145620530395278,-0.018786477330931316,0.017687807512158423,-0.038570753263673145,0.725,0.1355,0.8689322471618652,0.8516544103622437,0.8251757621765137,,0.20532766480518988,0.13129370471628296,0.16265007291965006,0.09,0.2370864102579279,0.783325006290742,0.7530055667560259,0.6927827397761461,0.35616499092581383,0.646319575937182,0.35616499092581383,0.01021552411839366
8,0.9999999999997222,-0.0,0.9999999999974046,0.9999999999999949,0.9999936008540108,1.0,0.9263974760993691,1.0,0.9866480252486505,1.0,0.9850011017502754,0.958,0.9779088981668306,1.0,0.9395769953942489,0.915,0.9973728459633153,0.9970384963263766,0.9973714432672329,-0.00037553895307174123,1.0,1.0,0.9999977946281433,0.9994657635688782,0.9977383017539978,,0.9666115445278136,0.9999999964753519,0.9999999738346207,0.86,0.9586153893891958,0.9999999999985578,0.9999999999981359,0.9999999999970457,0.9999999999999912,0.9999999999984326,0.9999999999970457,0.9997563362121582
9,0.9509980501100905,-0.09978820383548737,0.6654310207514155,0.9622777431420961,0.9871211002715468,0.7902267151228124,0.44030511207627804,0.993,0.7466308498403016,0.7968138178560045,0.7982753250688313,0.786,0.5295300340471796,0.6771161033975248,0.43416713454178363,0.539,0.28032790539108937,0.23067811380578712,0.27669371942739285,-0.06927407593899326,0.988,0.997,0.9989572763442993,0.9880616068840027,0.9384791254997253,,0.4979417520631661,0.9985965558908193,0.9999016335468832,0.365,0.39474791336889714,0.9931990971769242,0.9876434413532065,0.9483398473846363,0.8665097129957391,0.9489230247276265,0.8665097129957391,0.4960207939147949
10,0.0846143003348948,-0.6349309682846069,0.14881361711937244,0.6141000533292591,0.05389877026061774,0.1959774903124536,0.017709526427381606,0.0955,0.07934387124508378,0.2278746738756492,0.07701656075414019,0.0805,0.2354821479605668,0.21651771696026845,0.044177883544470886,0.05,0.010479214097398529,-0.033499140103726115,0.006593078585649714,-0.041277757906623344,0.651,0.085,0.9061076045036316,0.89836585521698,0.849778950214386,,0.13506993427223632,0.08552045777950311,0.10639261243058747,0.065,0.12073611232081985,0.8190758528772486,0.821375388725831,0.690863925695434,0.28798322760626527,0.6548245987261947,0.28798322760626527,-0.0018313792534172535
11,0.24396370117994975,-0.2226240038871765,0.17609818039477682,0.6358663884975165,0.24695926342247587,0.49695770217563395,0.13089245072311267,0.365,0.33698689265986786,0.5765187689370553,0.17727042381760597,0.379,0.3845622448055867,0.5054052956363718,0.15010261052565263,0.264,0.06572432167134262,0.004065845357746589,0.0651123708284176,-0.07345610887138308,0.7535,0.354,0.8362898826599121,0.841823160648346,0.798498272895813,,0.3825877737383126,0.38093097204531,0.41560300718777426,0.17,0.3481549134077243,0.8255774343213236,0.798952487473214,0.7085900398196362,0.30235504755689063,0.6588687522927661,0.30235504755689063,0.12803112715482712
12,0.22574027029571903,-0.5237709283828735,0.16544089801608333,0.6278887924698282,0.2487038727888691,0.41184707182065505,0.1762072220518055,0.3855,0.3409183041784803,0.48119762262706245,0.20682762220690556,0.4155,0.3389381190596168,0.4288511591638847,0.10451523212880803,0.2455,0.05198513051107531,-0.0025762150631707848,0.05149318599362965,-0.04653107651917211,0.7425,0.388,0.9548439383506775,0.9476016163825989,0.90192711353302,,0.3508081722800502,0.3797870074030774,0.4755872128278063,0.16,0.31577000140413186,0.8271819789950139,0.7946491056873501,0.7107039238768051,0.301578950125551,0.65852848967118,0.301578950125551,0.10628588125109673
13,0.4935021514785995,-0.039334289729595184,0.39919364428332604,0.952291206525489,0.9998953866295179,0.806738454430836,0.32483912270978066,1.0,0.6993589687349783,0.7454357942795118,0.7424382701095675,0.755,0.4008740083760639,0.5105555918618887,0.32130751132687785,0.433,0.11456070711027314,0.03965011959083915,0.11087472203767988,-0.0810174595202793,1.0,1.0,0.9999774098396301,0.9870917201042175,0.9198238849639893,,0.39555506983537597,0.9995010901358584,0.9961676971461151,0.345,0.28683231625441863,0.7837045030583641,0.7675646985166934,0.6102659416203216,0.22042054465679645,0.5954889219630438,0.22042054465679645,0.22995710372924805
14,0.9999999999997222,-0.0,0.9999999999974046,0.9999999999999949,0.9999989359734763,1.0,0.948950844237711,1.0,0.9916949198363351,1.0,0.9900735450183863,0.9655,0.9841842217413731,1.0,0.9554715483678871,0.932,0.9989450590435701,0.9987395086173179,0.9989704700526575,-0.00019319980643817125,1.0,1.0,0.9999988079071045,0.9996775388717651,0.9986039400100708,,0.9812216915036897,0.9999999981372224,0.999999984244557,0.87,0.9774457409115047,0.9999999999985578,0.9999999999981359,0.9999999999970457,0.9999999999999912,0.9999999999984326,0.9999999999970457,0.999925434589386
15,0.27690560616609516,-0.2577856481075287,0.1907478604896677,0.6442076117856673,0.34103851125437845,0.5339069191447812,0.20430350257587565,0.4845,0.4675503561728797,0.6193683447627846,0.32504143526035884,0.506,0.45029470770801666,0.5452522114706012,0.24362986290746572,0.3435,0.1132645373773179,0.05339124022584241,0.11099269662392208,-0.07731693174916221,0.813,0.499,0.8991214632987976,0.910603940486908,0.8731564879417419,,0.4893246909001283,0.5408548461685172,0.5732425028157012,0.215,0.4036853104832132,0.839048432686868,0.8039839677986816,0.7126978241723371,0.28800958145783756,0.6609349515289311,0.28800958145783756,0.22496984899044037
16,0.49109539558599086,-0.05703553557395935,0.37763402279043184,0.9529590292916066,0.9853081310955094,0.7883755833686078,0.44466852766713194,0.9915,0.7570638298071626,0.7706686816721404,0.7871444792861199,0.7925,0.5088802867418974,0.6090811831116003,0.4343949830987458,0.5075,0.10092488750977628,0.030482896147588433,0.10744869662253724,-0.06829597213208724,0.9945,0.99,0.9992078542709351,0.9866546988487244,0.9420443773269653,,0.4706400132855929,0.9954804902768112,0.9992587759108833,0.355,0.3244548699328402,0.8008277353521994,0.7930329751483516,0.6581391915615908,0.24028392089015732,0.6230709557380748,0.24028392089015732,0.332351416349411
17,0.48698182411694935,-0.03146924823522568,0.4855243679061902,0.9467157099112434,0.999209670127094,0.7069621426799988,0.3018522124630531,0.9995,0.7385778851674824,0.6167060087744185,0.7673383018345754,0.7805,0.4768522912642505,0.46041743849032724,0.34395170298792577,0.4815,0.09969173462719155,0.05042003706438802,0.09654130425063455,-0.04827155173388811,1.0,1.0,0.999645471572876,0.9826256036758423,0.9264991283416748,,0.4620114236969672,0.9968207209601722,0.9994166162453887,0.345,0.29611058464572027,0.7952377429701101,0.7988982625901431,0.6599661588624874,0.2427797064534363,0.6242204677190443,0.2427797064534363,0.23105134069919586
18,0.027083516376690226,-0.6730503439903259,0.14276452498933745,0.6132641112740034,0.11118909112898023,0.29905722003764246,0.047378602344650585,0.1825,0.17462946035939328,0.35343198787314445,0.08857804614451154,0.19,0.2556921275292473,0.29526444415650777,0.023958236989559248,0.124,0.02935452610918911,-0.01042723031775676,0.026990466925253413,-0.04830713434232807,0.7125,0.1845,0.9300836324691772,0.9250756502151489,0.8698713183403015,,0.22826098160615033,0.18027734409911111,0.2132246047754878,0.08,0.2639322757376692,0.8294110883116476,0.8001694939184929,0.6775415831257428,0.2975242379503266,0.6511616008265525,0.2975242379503266,0.02101760171353817
19,0.48103858305736474,-0.08406572043895721,0.3621869419500511,0.9139597283391011,0.9832600775366283,0.9205672843311834,0.7365588701397175,0.9905,0.7945627915687566,0.8649272140335957,0.844021888005472,0.8205,0.5777798443261204,0.7000402828858429,0.501883851970963,0.5695,0.24012611278803175,0.16911870645430008,0.24352695829810583,-0.0767665221537476,0.9955,0.9925,0.9990503787994385,0.9896120429039001,0.9518887400627136,,0.5299633601880624,0.9999216153897214,0.9999872203781146,0.36,0.326955322313053,0.8067863201851733,0.7803626930703634,0.6578935110878023,0.20583026793446363,0.6127181980694507,0.20583026793446363,0.3898421823978424
20,0.0834342531308877,-0.5158177614212036,0.1470314057900452,0.618407620646205,0.0766211696983234,0.2651015651070699,0.04850841312710328,0.1165,0.12144695309786945,0.3132062324263813,0.08589585947396487,0.1205,0.23624222909979078,0.2698326772198884,0.07610405502601375,0.075,0.022089522168612895,-0.019843279955379958,0.022543205071203692,-0.04572020496993246,0.6955,0.1095,0.8554823994636536,0.8472985029220581,0.798951268196106,,0.19103879059342013,0.1167408590578911,0.13924617768597516,0.075,0.19588172481893468,0.7936379628811618,0.7660679735616939,0.6967718539462744,0.35966105348464394,0.6540347109684436,0.35966105348464394,0.008531235624104738
21,0.9967112584707583,-0.0014627822674810886,0.9984445727292685,0.9997758444755003,0.9997864062896014,0.9608985072184646,0.6395618243904561,1.0,0.8832695057159005,0.9491990708353791,0.8927725511931378,0.869,0.7995873100757629,0.8953086502487768,0.6592047193011799,0.7345,0.7800635531363656,0.7385170186178253,0.7858465164749959,-0.03546418307500088,0.9995,0.9995,0.9999269247055054,0.9946306943893433,0.973002016544342,,0.7486893033883126,0.9999988778923318,0.9999964381226261,0.655,0.7812465159259888,0.9987149734631202,0.9968786355083354,0.986565342308852,0.9837711684405428,0.9914825299302126,0.9837711684405428,0.7929666340351105
22,0.9966340296012605,-0.0015258407220244408,0.9983542648460636,0.9997504805035369,0.998776030508469,0.9473010922012088,0.6379741144935286,0.9995,0.8720990606726106,0.9369600125387982,0.8802025765506442,0.8435,0.7770628260984179,0.8744401127185923,0.6175353898838475,0.688,0.7488753953293636,0.7120059659444433,0.752760182204861,-0.04084110250846529,0.9995,0.9995,0.9997631907463074,0.9939593076705933,0.9725688695907593,,0.7479184960367722,0.9999954087722431,0.9973382698850466,0.555,0.7251846467867128,0.9987404970711231,0.9956100984296733,0.9834218427483906,0.9750281161042145,0.9882001385883503,0.9750281161042145,0.7725582718849182
23,0.43830359037332234,-0.026203272864222527,0.4461842086658075,0.921713213593817,0.622546192915891,0.6541378855431305,0.36586025696506425,0.7485,0.6544279499500051,0.7243589428179136,0.5604671421167855,0.684,0.508095115821897,0.6244051672362302,0.2963212190803048,0.433,0.1437856251651084,0.06786536599009842,0.14161155890105487,-0.06452455648152347,0.8915,0.742,0.948393702507019,0.9634920954704285,0.895732045173645,,0.5231458772188851,0.8068548592886363,0.8578965138112465,0.295,0.43448352696350706,0.8269328970288402,0.7866283068148766,0.6815611790290216,0.22162266219048748,0.6291862612658065,0.22162266219048748,0.33602847158908844
24,0.9768999115830368,-0.006777289789170027,0.9980271171212285,0.9935055559296372,0.9926129255118767,0.9081302135918475,0.5894056143514036,0.9965,0.8318564680736056,0.9034925852040899,0.8486115306528826,0.8355,0.7048937638018239,0.8301094199901045,0.5468606672151668,0.626,0.6451754877674726,0.5956254153521942,0.6464081909792365,-0.05044185799096235,0.9975,0.9985,0.9993031620979309,0.9927454590797424,0.9612902402877808,,0.6558731698358107,0.9999879359332361,0.998079729492693,0.505,0.6328476369227678,0.9854430053805008,0.9775970302906101,0.9425965766617133,0.9535012066499544,0.9647844547456945,0.9425965766617133,0.7030807137489319
25,0.9757807245310491,-0.007118974346667528,0.9981743235591024,0.9932025360344664,0.9752009796998332,0.8819873217480437,0.5449132422283106,0.986,0.771982528213756,0.8726035338583202,0.7944292821073206,0.7945,0.5776155967619822,0.7676151259983067,0.43759516489879124,0.537,0.5998085128487648,0.5482428909732828,0.5986965953267802,-0.06640329490679375,0.993,0.996,0.9983289241790771,0.9897800087928772,0.9446792006492615,,0.5785840365998838,0.9907457536347746,0.9975856199825598,0.41,0.5293025840001003,0.9821390574245169,0.9693767899109844,0.9343429250559874,0.940842586857045,0.9566753398121335,0.9343429250559874,0.6502952575683594
26,0.9775396699673995,-0.006341294851154089,0.9984364277016176,0.9937768567689033,0.9907316136733237,0.8925935611700637,0.532768571692143,0.9965,0.7772136536422453,0.8855607063774892,0.8086945346736336,0.7965,0.6121088679059368,0.799274023736676,0.4857748889437222,0.611,0.6209028398637046,0.5660990042929739,0.6236203868995875,-0.053597381673240574,0.991,0.9985,0.9984344244003296,0.9909304976463318,0.9533674120903015,,0.5972038555364657,0.9995645728254989,0.9999216122033141,0.445,0.5911545005988864,0.9874905522428954,0.9707177238134118,0.939047770064848,0.9469504044455618,0.9610516126416792,0.939047770064848,0.6915493607521057
27,0.398245842610735,-0.16040895879268646,0.24872002617065284,0.7962282138841272,0.4350653365308419,0.493958141686541,0.27226751306687824,0.5785,0.5182481541778974,0.5702147857447453,0.4032356283089071,0.574,0.4081367709383642,0.5073337737491106,0.2031365007841252,0.3545,0.10337587153814982,0.0529560964438556,0.11193360452015587,-0.058436942391665164,0.7955,0.5835,0.9722445607185364,0.9717247486114502,0.9198499321937561,,0.4317698955083119,0.6976054223615834,0.7673742511422461,0.225,0.34664086286039386,0.8292558473636159,0.8033251057671521,0.6849410502611217,0.26618914549097983,0.6459277872207174,0.26618914549097983,0.2459530532360077
28,0.9968337623151498,-0.001461822190321982,0.997907373646776,0.9997664620883596,0.9998069737349283,0.95940466339648,0.6366482896620724,1.0,0.8855100334804469,0.9464593989277668,0.8903953805988452,0.864,0.8064243091571052,0.894012141188301,0.6754656128664032,0.738,0.7691325365165397,0.7331896919301487,0.7679753684892512,-0.03833950074709991,0.9995,0.9995,0.9999198317527771,0.9948669075965881,0.9742989540100098,,0.7528304348249351,0.9999995321954556,0.99995314147166,0.56,0.7398686250753647,0.9986086237279103,0.9967064796785989,0.9860557741293564,0.9829958854120234,0.9910916907369723,0.9829958854120234,0.7930047512054443
29,0.9774831468034484,-0.0064743985421955585,0.9982548491476576,0.9935495753263,0.9831419797923097,0.8766538290430252,0.48069750617437657,0.9915,0.7637859066027177,0.8703428572097962,0.7809352832338208,0.7915,0.6181525241581238,0.7949288123107645,0.4436392334098084,0.5655,0.5876874808947278,0.5157781993679939,0.5951336794184436,-0.08364910232690703,0.9885,0.993,0.9983069896697998,0.9885746836662292,0.9496524333953857,,0.5869682678813917,0.9993006357833499,0.996901714203088,0.465,0.535823744004715,0.980386587609795,0.9627326978392261,0.9325683017690396,0.939324339563264,0.9537529816953312,0.9325683017690396,0.6604063510894775
30,0.4501751648178937,-0.016650009900331497,0.32923088580422444,0.9616346217435474,0.999985877915664,0.8831090714340625,0.4370098932524733,1.0,0.7665092926504476,0.8338629503123093,0.8068089247022312,0.7945,0.5329020795628433,0.6462156822243827,0.4295977658994415,0.5215,0.15027092988958254,0.06168396809365506,0.15592879908563645,-0.07781534772749199,1.0,1.0,0.9999833703041077,0.9892030954360962,0.9375362396240234,,0.48247999379273826,0.9999663251752561,0.9998878755732702,0.345,0.3026180741429312,0.8207086843455106,0.7709772760887249,0.6354673537291382,0.17728374059910676,0.6011092636906201,0.17728374059910676,0.34702686965465546
31,0.4989144012361092,-0.019826525822281837,0.45119510484118647,0.9613844057255585,0.9999931708723256,0.867868293867425,0.31973025343256334,1.0,0.7529241617057717,0.8127467091577012,0.7869045737261434,0.7845,0.5167051828346365,0.6226103536747759,0.4812134253033563,0.5345,0.07548286129805158,-0.015460199109686757,0.0725283413677269,-0.08301142462995804,1.0,1.0,0.9999876618385315,0.9876372218132019,0.9391285181045532,,0.4633336915997525,0.9999992892796238,0.9997741351881129,0.355,0.30777226443248207,0.7790142057131914,0.788105207634206,0.6228725577866383,0.19049283599415492,0.5951212017820476,0.19049283599415492,0.33402636647224426
32,0.3246670624521169,-0.41204819083213806,0.20305407389299343,0.7269751581818973,0.7890668510531955,0.7156261884816371,0.47668572667143166,0.8765,0.6999380191327211,0.7350694283133518,0.7285056711264177,0.7425,0.4554193760050537,0.5706342482231636,0.33018878254719564,0.462,0.11038127890447232,0.05044584002483504,0.10950626163641625,-0.0742361099304113,0.929,0.888,0.9907970428466797,0.9853132963180542,0.9344416856765747,,0.45808816116132506,0.929797160948682,0.9824708889423306,0.3,0.313714641130259,0.8400020827422973,0.8109076619400368,0.707116323285944,0.2573209786006679,0.6538367616422365,0.2573209786006679,0.25824956595897675
33,0.2637221888783947,-0.5634912252426147,0.18431032730781188,0.7095412194085347,0.5057542780648767,0.6121282043401476,0.3079484464871116,0.669,0.5441781131437645,0.6656149311319218,0.5815181533795384,0.6205,0.3540399604533761,0.47903446569802477,0.21571828042957011,0.347,0.08975581465262181,0.02266086896326151,0.09716819843697766,-0.05969777266826073,0.848,0.6735,0.9686315059661865,0.973491370677948,0.9109529852867126,,0.36837655206515296,0.6804449915425165,0.9200618266180144,0.27,0.3205340184043081,0.8303607479177988,0.7947434859494505,0.6896760134806309,0.24797391523759768,0.6406885406463695,0.24797391523759768,0.13270902261137962
34,0.9911324830943,-0.009713500738143921,0.9948766643079998,0.9983613582872567,0.9967983272002033,0.9245732068606238,0.5708297507074377,0.999,0.8431785046556138,0.9163331166671927,0.856900175725044,0.8455,0.6953486256138578,0.8306375661910792,0.5719637854909464,0.6455,0.6370752309628229,0.5786638045651241,0.6441757086503894,-0.05790283779589833,0.9985,0.9995,0.9995037913322449,0.991621196269989,0.9601230621337891,,0.6542631461458276,0.9950146880762493,0.9997167405240978,0.52,0.6438516530479371,0.997506441531876,0.9940861261735281,0.9782435615711845,0.9606375744349412,0.9826184259278824,0.9606375744349412,0.7021759748458862
35,0.9993570857210102,-0.000620231730863452,0.9993481699582378,0.9999999999999949,0.9999979017524273,0.9891840527155957,0.8932998643249661,1.0,0.9787093443225243,0.9882176382622085,0.9764042696010674,0.9425,0.9435236157494074,0.976793246287229,0.8804509571127392,0.8665,0.9659094437401967,0.9586050758069342,0.9662084353812095,-0.00865971098133822,1.0,1.0,0.9999959468841553,0.999019205570221,0.994410514831543,,0.9526312927130639,0.9999999948383878,0.9999999585952751,0.815,0.9389452126309885,0.9997971753246571,0.9992992198313679,0.9978727166193442,0.9941407670656236,0.9977774697102483,0.9941407670656236,0.9416969120502472
36,0.40444722316826615,-0.1542668342590332,0.26768417483899254,0.7912868336961114,0.3831374072549342,0.47443687029950754,0.18966953491738373,0.5305,0.4491597824414833,0.5459182868063157,0.3366850591712648,0.526,0.36270189979285034,0.45394239725045576,0.1802790495697624,0.295,0.06925606171294145,0.011418042324458895,0.06842499146841742,-0.07093197524119739,0.7705,0.5165,0.9668810963630676,0.9645515084266663,0.9030813574790955,,0.40766604140907475,0.5840513016324242,0.6918631740675066,0.205,0.3066060571606003,0.8303924917341717,0.8131184694458274,0.6857150746047962,0.2628895670555472,0.6480289007100857,0.2628895670555472,0.18835628032684326
37,0.41829713541663865,-0.182592511177063,0.27384575008624956,0.8997248157558132,0.725358651782752,0.5922388604043006,0.3319442254860564,0.839,0.49472067207286735,0.6169447078138691,0.5236270204067551,0.6155,0.3441930279228381,0.47705412371393174,0.2055313668828417,0.3385,0.10701422466957283,0.0405871700881195,0.11101000721627156,-0.0637096489152817,0.8475,0.8645,0.9881565570831299,0.9780446290969849,0.9168713092803955,,0.29964631326355773,0.837348465124987,0.9108077127836925,0.295,0.3038758760904204,0.8108091621727099,0.7849918120127777,0.6369867638106719,0.26161135100391875,0.6235997722500195,0.26161135100391875,0.24579008668661118
38,0.4672292194863756,-0.016399933025240898,0.3732406882210142,0.9628544368303779,0.999992920596492,0.882417215390399,0.42238111259527816,1.0,0.7674999205383249,0.8339841749366979,0.8003080010770003,0.796,0.5457338102286396,0.6578342682675893,0.4524839076209769,0.535,0.15486307722729722,0.06454268181770993,0.1562931927111989,-0.07921755198877288,1.0,1.0,0.9999841451644897,0.9888233542442322,0.9395314455032349,,0.5030985850914983,0.9999994381918218,0.997796013870008,0.345,0.299041548034821,0.8216418354898958,0.7669512259264842,0.6316847801023018,0.18029521684147623,0.6001432645900395,0.18029521684147623,0.3546409159898758
39,0.43190088205672406,-0.019413935020565987,0.314424677054988,0.9541077045524112,0.9999929501697806,0.8670266810656498,0.1815832503958126,1.0,0.6391462141242104,0.761888787845127,0.6767210336802584,0.7045,0.41828601428049905,0.5236726276242094,0.2899740034935009,0.4285,-0.029001983467929225,-0.1728046196895046,-0.011547392216358839,-0.15416290266064386,0.87,0.87,0.9999842643737793,0.9723311066627502,0.8919864892959595,,0.41275579009551455,0.999999104736198,0.9901917801881034,0.345,0.2685542812913143,0.7918816030865085,0.7906505414911591,0.6674376197431439,0.16691292748058928,0.6042206729503502,0.16691292748058928,0.21108478307724
40,-0.04179651073911059,-0.0893772765994072,0.6662854211639901,0.043090712698547154,0.9999999999999991,0.9999999999969492,0.999999987999997,1.0,0.999999999990102,0.9999999999958146,0.9999999954999989,1.0,0.9999999999842935,0.999999999990954,0.9999999894999974,1.0,0.9999999998928165,0.999999999855477,0.9999999999014637,-3.569389228630371e-11,1.0,1.0,0.9999999403953552,1.0000001192092896,0.9999998807907104,,0.9999999999758555,0.9999999999999988,0.9999999999999989,1.0,0.9999999999739001,0.9999999999985253,0.9999999999980721,0.9999999999964119,0.9999999999979468,0.9999999999977389,0.9999999999964119,0.9999998807907104
41,0.5109372521410251,-0.018872326239943504,0.5638774826085937,0.9615515748120115,0.9999932354360926,0.8696452209818841,0.4191317652829413,1.0,0.7494996184205529,0.8136734146224495,0.7788229587057397,0.792,0.5112083907421775,0.6243970700565233,0.47514608578652145,0.5265,0.07530530692624099,-0.01886849909442057,0.07028774924544123,-0.09524245863144777,1.0,1.0,0.9999877214431763,0.9877676963806152,0.9369574189186096,,0.4440033614686209,0.9999997303474767,0.9959196190884275,0.355,0.3046905960951113,0.7958126767590027,0.7787944055440755,0.6226256159868899,0.18550934035684002,0.5956855096617021,0.18550934035684002,0.3060385584831238
42,0.44967886280686775,-0.015602793544530869,0.29848254478667813,0.9560001266256662,0.9990483593445757,0.8626825304604496,0.45899997224999306,1.0,0.7738920885689566,0.8223353616475029,0.7835536898884224,0.793,0.5757766750250836,0.6620874083061511,0.4405615926403982,0.541,0.1557510158180312,0.07596222468684263,0.15608398970884746,-0.08399456252760532,1.0,1.0,0.9993058443069458,0.9834097623825073,0.9355394840240479,,0.5483633980983207,0.9995094636093582,0.996533089354561,0.355,0.3943933041105286,0.775882355039969,0.7755087558815955,0.6232955521360307,0.199253508329402,0.5934850428467493,0.199253508329402,0.38380496203899384
43,0.44824733695788865,-0.04526325687766075,0.4005929108592578,0.8999599714424901,0.5438549089362912,0.5997102608133693,0.3687583446895862,0.6795,0.6403912735577114,0.6770489725813517,0.5349835067458767,0.6695,0.5506165678860245,0.6356740824006417,0.3225906446476612,0.465,0.18943628947306032,0.10974246101526249,0.1907047494442311,-0.10043190089420748,0.8665,0.6735,0.9471731185913086,0.9647056460380554,0.9206237196922302,,0.5583487501903637,0.7894801254727619,0.8190283000438422,0.28,0.44435662967826867,0.822038659152386,0.7892871162023759,0.6786062839085301,0.23271845723217793,0.6306626291238676,0.23271845723217793,0.3751928508281708
44,0.47176313786003327,-0.08330487459897995,0.2501939658663064,0.9270030976575684,0.6178311610223972,0.5549768481517159,0.3634936463734116,0.739,0.6376283976492684,0.6262135195309391,0.5564666816166705,0.6925,0.41974655591613996,0.5483580261366516,0.28651637812909453,0.423,0.1075661020923708,0.03553366019369577,0.1067815981045439,-0.05877308204491749,0.857,0.731,0.9847283363342285,0.9806690812110901,0.9286960959434509,,0.44838648793451363,0.8255582599421154,0.9140811075760944,0.24,0.3363660895040369,0.8147422770552362,0.7808112295541056,0.6539087454314658,0.24691403132698828,0.624094070841949,0.24691403132698828,0.33252930641174316
45,0.9998744788261601,-0.00026674801483750343,0.9998881608158497,0.9999999999999949,0.9999984334272513,0.9968586670323335,0.9604020346005087,1.0,0.9896888953037569,0.9960505357367269,0.9886398761599691,0.9605,0.9773571318439286,0.9914767961094744,0.9381597770399442,0.9175,0.9825748927087189,0.9775445120434765,0.9831258979761246,-0.00495863086469106,1.0,1.0,0.9999980926513672,0.9995142221450806,0.9976257085800171,,0.977321235422644,0.9999999987889013,0.999999977978894,0.91,0.9742895173798525,0.9998430473429879,0.9995555307358848,0.9987506277690884,0.9986209079086495,0.9991925284391526,0.9986209079086495,0.9561212956905365
46,0.4633486589249341,-0.016627931967377663,0.9922519691569095,0.9669940974433975,0.9999999999999987,0.9999999999972606,0.9999999909999977,1.0,0.999999999992032,0.9999999999963426,0.9999999954999989,1.0,0.9999999999854373,0.9999999999917067,0.9999999909999977,1.0,0.9999999999021024,0.9999999998722877,0.9999999999084865,-2.9899527298482553e-11,1.0,1.0,0.9999999403953552,0.9999998807907104,1.0,,0.9999999999814468,0.999999999999999,0.9999999999999989,1.0,0.9999999999819599,0.9999999999985548,0.7670788350758974,0.6366333427942374,0.17668493905632462,0.6450992792312535,0.17668493905632462,0.9999999701976776
47,0.37437710942656666,-0.09937594085931778,0.29485108536098137,0.7470047044100507,0.45446629749361167,0.5868660978623611,0.3029396152349038,0.601,0.5554937424219429,0.6656694164986193,0.4430449752612438,0.5955,0.4742841091610477,0.5763723917557445,0.26529303632325907,0.3785,0.14425419538981046,0.06065678562916418,0.13511280400610765,-0.09954949197997096,0.824,0.579,0.9265405535697937,0.9402608275413513,0.8845766186714172,,0.5328328966706094,0.7073065394684559,0.7179566331108626,0.24,0.39392667234514783,0.8395026816735763,0.803717257645905,0.708303949444981,0.25160356368131104,0.6507818631114434,0.25160356368131104,0.2839035540819168
48,0.24655006815363084,-0.24768364429473877,0.18158655770828558,0.6414362764042798,0.32507301994613863,0.5211844390703301,0.1790270712567678,0.47,0.4387612501372315,0.6003679373105525,0.2901173510293378,0.477,0.426608386825261,0.531209519995231,0.18796389649097411,0.308,0.10132053567023046,0.036311677138384124,0.1027400143151001,-0.05949917352868292,0.789,0.466,0.8877131342887878,0.8970230221748352,0.8511577844619751,,0.4863165693919656,0.49614075539761565,0.5294473810466308,0.2,0.3808014000655343,0.8323827331967462,0.8037644751852234,0.7123701048628988,0.2957874463145982,0.6610761898898667,0.2957874463145982,0.2024637907743454
49,0.3951621140923278,-0.12244145572185516,0.3226003809472537,0.3427338797640473,0.46343266261796334,0.5491521121798186,0.3278457054614264,0.6595,0.5058181408166283,0.6125498981430113,0.5251583497895874,0.5945,0.4034022777037552,0.5061018734689209,0.20164022791005698,0.318,0.08143193761895179,0.019804180378430264,0.08420101909767354,-0.0543514610175263,0.796,0.665,0.938864529132843,0.9562764167785645,0.9038849472999573,,0.3906527405214281,0.6833616554529921,0.8745453234660666,0.265,0.40880512202160657,0.5903708478127025,0.5935810707356348,0.47871351889234925,0.2525844216737801,0.47881246477861666,0.2525844216737801,0.23068475723266602
50,0.31351946686027743,-0.2137758433818817,0.20171915181541797,0.6650253010774015,0.3550222141698431,0.5259668868854114,0.2179647004911751,0.502,0.4334384845309269,0.5927758647447264,0.3182993775748444,0.4745,0.39603856514571834,0.5057487834069028,0.12950710737677684,0.296,0.0872882338377797,0.02676273890997233,0.08221122082791966,-0.07097632386770877,0.7965,0.4755,0.913622260093689,0.9185983538627625,0.8679639101028442,,0.4228248026366108,0.5226655248678803,0.5692705740327008,0.22,0.34215149707280773,0.8348943376905965,0.8068218220108144,0.7174054000284183,0.2826893505136927,0.6604527275608805,0.2826893505136927,0.17122657597064972
51,0.4253576032467852,-0.0707576647400856,0.5371306215514459,0.9436457199259645,0.2987405443658598,0.441085707058451,0.20333125933281485,0.4735,0.38296483486068095,0.519568669191783,0.40113095378273844,0.4975,0.23507646793375986,0.32016051594720407,0.104040464010116,0.2095,0.0404026282483292,-0.01149295274114451,0.04308120247842645,-0.05805860717490284,0.7235,0.473,0.9587980508804321,0.9671716094017029,0.8886322379112244,,0.26243211237405556,0.49830099326851407,0.7944851400593396,0.225,0.2677520718136536,0.7941641433318982,0.7778801947753742,0.6683960613819051,0.27061650504218426,0.6277642261328404,0.27061650504218426,0.06132577173411846
52,0.3024389309602048,-0.16263864934444427,0.27065833236543196,0.7664888193469299,0.17342315268147945,0.3250174500540631,0.10000438450109612,0.317,0.24091155898319572,0.3846604797848906,0.24893326273331567,0.3515,0.19006678660901177,0.2541653984592312,0.027662531415632855,0.14,0.026284156849751328,-0.02983282285275031,0.028727067511554752,-0.04432436903967232,0.688,0.322,0.9441233277320862,0.9493808746337891,0.8740404844284058,,0.17900465776398,0.3028733626015513,0.48847522100426616,0.17,0.2105394780187907,0.7853964325642785,0.764218534077716,0.7073837285739062,0.2979257733856226,0.6387311171503808,0.2979257733856226,0.014612680301070213
53,0.9968259678946817,-0.0014907978475093842,0.9989197370351985,0.9997447622031959,0.9996277189567256,0.9489461756602201,0.6212472803118201,1.0,0.8720026089341902,0.9387495143672977,0.8831983337995835,0.846,0.7880324914824782,0.8836317989072591,0.6699874899968725,0.695,0.7520465171333367,0.7121963232038655,0.7530451432829522,-0.0505500595088203,0.9985,1.0,0.9998111724853516,0.9944828152656555,0.9717174768447876,,0.7477960626551167,0.9999984690807168,0.9999813035908212,0.55,0.7325630475424559,0.998525872810259,0.9962460185416583,0.9827733662468158,0.9765745530775316,0.9885299526690662,0.9765745530775316,0.7674107253551483
54,0.9997869197626539,-0.00029063731199130416,0.9998188605097587,0.9999999999999949,0.9999983830557145,0.9930619932893388,0.9207500541875135,1.0,0.98569714567904,0.9920157009524411,0.9827837846959462,0.959,0.972983125517338,0.9890305580243404,0.92445660011415,0.9005,0.980996877913846,0.9770425824487761,0.9812226648715177,-0.004094765175020498,1.0,1.0,0.9999973773956299,0.9992982745170593,0.9966434836387634,,0.9692236172756837,0.9999999971507657,0.999999817606902,0.895,0.9620837069137879,0.9998229436768347,0.9995110813270699,0.9986804134220072,0.9974237930214499,0.9988595578618403,0.9974237930214499,0.9537703692913055
55,0.3729724563892535,-0.09828494489192963,0.258018899054727,0.7408834909497677,0.4614474345740741,0.5950438769970878,0.29470801367700344,0.614,0.5740854892030494,0.6791748031082194,0.4462349795587449,0.6065,0.5147759847379043,0.6119285232769845,0.25453092213273054,0.4185,0.15386174579797687,0.08030016562602467,0.16047023845650518,-0.08401875568435954,0.8405,0.6005,0.9183124303817749,0.935575008392334,0.8874496817588806,,0.5484476598199629,0.7041183003912939,0.7306465642695683,0.27,0.46670057446771535,0.825577172338997,0.7934799245122421,0.7038225218280513,0.25485057789905863,0.6444325491445873,0.25485057789905863,0.2997858375310898
56,0.49688963113074364,-0.016931019723415375,0.34381454344688184,0.9616137427352044,0.999888580176941,0.8607788977363463,0.31596785049196263,1.0,0.7449778515053745,0.8113299015062573,0.7560344685086171,0.7905,0.5025762174534603,0.6311559106563567,0.4231545487886372,0.5185,0.1366017331056388,0.04962849888469067,0.14023899480709343,-0.08748760470313621,1.0,1.0,0.9999202489852905,0.9876521825790405,0.9346098303794861,,0.4611478401956743,0.9999882811837667,0.997847242254779,0.355,0.31218271856583835,0.7725555009952122,0.7649772931080254,0.6297471815644659,0.17574965191065892,0.5857574068945905,0.17574965191065892,0.3435773253440857
57,0.9968680971155226,-0.0014810907887294888,0.9992309786789855,0.9997325568317796,0.9983345017626127,0.9492197984351642,0.6337896909474228,0.9995,0.8717634331648454,0.9393176014998319,0.8836618444154611,0.854,0.7715694598801902,0.8763346776474276,0.6263145845786462,0.7095,0.7481546863983912,0.7006632106729808,0.7491733973659958,-0.04657539883725903,1.0,1.0,0.9997718334197998,0.9938898086547852,0.9728419184684753,,0.7258643359373126,0.9999969001518687,0.9997458489756319,0.58,0.7611259486824126,0.9985337077731453,0.9962381407916255,0.9828476610278808,0.9761473035757622,0.9884417032921036,0.9761473035757622,0.7657898664474487
58,0.08217876008767129,-0.6310489773750305,0.15597991152759885,0.6155992010725819,0.10491628558129247,0.2946712102340774,0.019331362832840707,0.174,0.16214510105247756,0.35000231464974146,0.02790628747657187,0.186,0.22756180741011867,0.29011920910861005,0.06872079818019955,0.106,0.02354495135636488,-0.024648488331716574,0.02604324041515619,-0.03923143165751395,0.6945,0.1595,0.932788610458374,0.9174425601959229,0.8446888327598572,,0.219797514322355,0.16113073741729994,0.1985265716949688,0.085,0.23568860510892178,0.8195514365161926,0.7832883599760031,0.6972659745298596,0.31371180681505295,0.6534543944592771,0.31371180681505295,0.016795367933809757
59,0.442607855472079,-0.1652057021856308,0.29741932500480556,0.9033862338102883,0.7708236640035293,0.6073810022574154,0.34964934941233733,0.862,0.5000838189005767,0.6303288749414078,0.569253875813469,0.6225,0.30776574893215547,0.4906529100498768,0.2294812908703227,0.341,0.08917458486490833,0.029907326958988352,0.08762527364008632,-0.06793374905064513,0.884,0.9035,0.9916820526123047,0.9784436225891113,0.9196158051490784,,0.3027018949250694,0.8429211327784314,0.9416786182743219,0.28,0.28417057211494595,0.7970501048097764,0.7940977396350026,0.656118166074542,0.259654916858877,0.6267302318445496,0.259654916858877,0.27564094960689545
60,0.3018335093456273,-0.16509076952934265,0.27495112976282093,0.7696452713850822,0.17185580695728564,0.31449110975270816,0.09329637382409346,0.3275,0.22881081001119852,0.369792096761461,0.24902413425603356,0.337,0.1722737740517441,0.23316358187835692,0.0040788235197058795,0.139,0.023353156548894135,-0.021588390869025732,0.024642208797291447,-0.040441894711879596,0.701,0.318,0.9477829933166504,0.9496082067489624,0.8697739243507385,,0.17518227831809277,0.28312289992288964,0.4912773175222686,0.155,0.19603744008851043,0.784674479945792,0.7725396635068155,0.7157806375120469,0.29331249521969355,0.641576819046087,0.29331249521969355,0.015666245948523283
61,0.3954171681806986,-0.016610940918326378,0.4746659989507825,0.956123473642997,0.9999936880337092,0.8759232256324884,0.18643634260908565,1.0,0.6249135739071249,0.7630388763325411,0.6868991647247912,0.694,0.42422703027339903,0.523706183802707,0.3268212922053231,0.427,-0.036940231460540415,-0.17437397176013109,-0.031616268488491195,-0.1488810745033396,0.863,0.863,0.9999886751174927,0.9671689867973328,0.8790656328201294,,0.39553173498158306,0.9999998182572809,0.9814739102834191,0.345,0.26344085726402067,0.8099802929659059,0.7890972212887353,0.6687189824930537,0.1477328199591238,0.6038823291767047,0.1477328199591238,0.19412703812122345
62,0.29802720711076724,-0.2214365154504776,0.18406200997364563,0.662582905219185,0.34740306698570783,0.5130136652296527,0.20124283131070783,0.49,0.43338029994957405,0.5758558893699107,0.2750516337629084,0.486,0.4076226226338148,0.5080232620025849,0.18241557810389453,0.315,0.09116321366905249,0.015537942277076592,0.09147256068953649,-0.06407745091245426,0.8005,0.4855,0.909803569316864,0.9147916436195374,0.8674120306968689,,0.42385803767956004,0.526478651758859,0.5612605658507299,0.2,0.3559718943213732,0.8395146979016527,0.8126772312902686,0.7138712987103254,0.27971420791487467,0.6614443589542804,0.27971420791487467,0.19832079857587814
63,0.12793262016721133,-0.6151028275489807,0.15562704774291844,0.6141278788576231,0.14140268117693144,0.33287699614388766,0.08315920778980194,0.2445,0.20826261975233254,0.3917896490780855,0.08511277377819344,0.236,0.2799900768922216,0.33479461496370605,0.08892393423098356,0.157,0.03207700430839831,-0.012983055616383864,0.0343030152173909,-0.05487764461490887,0.7125,0.2245,0.9317283034324646,0.9234737753868103,0.8803982138633728,,0.26504807964260235,0.2297211305793742,0.27473540831886895,0.095,0.26170545914888693,0.8094945528730897,0.7923404459299359,0.7006096249831942,0.3148726313938437,0.6543293137950159,0.3148726313938437,0.0346235316246748
64,0.04706518548873848,-0.08451265841722488,0.6377049999850914,0.050963481741130495,0.9999999999999989,0.9999999999969067,0.9999999909999977,1.0,0.9999999999914563,0.9999999999959158,0.9999999954999989,1.0,0.9999999999843647,0.9999999999909316,0.9999999804999952,1.0,0.999999999894918,0.9999999998680706,0.9999999999012035,-3.264366554844855e-11,1.0,1.0,0.9999999403953552,1.0,1.0,,0.9999999999794834,0.999999999999999,0.9999999999999988,1.0,0.9999999999783892,0.9999999999985384,0.9999999999980773,0.9999999999964081,0.9999999999979686,0.9999999999977481,0.9999999999964081,0.9999997913837433
65,0.2291683462873996,-0.5143701434135437,0.16094868389361908,0.6247106896666695,0.222019479484397,0.3903106547572994,0.14188601047150262,0.357,0.31089552348253496,0.4591837190150674,0.21317688379422095,0.3855,0.32038910432270373,0.4036451407545087,0.08249047762261941,0.217,0.05739995384528485,0.01500463863160855,0.05898984175111431,-0.050138912334944476,0.736,0.3505,0.94594806432724,0.9471376538276672,0.8897567391395569,,0.3257474758679551,0.3485482956584027,0.4250235045995664,0.14,0.29160795532516764,0.8346378409404979,0.8118093711875023,0.7108563106463761,0.3030077659642367,0.6650778221846533,0.3030077659642367,0.06472375430166721
66,0.4720895703294176,-0.05689477175474167,0.40056121119723886,0.9522074544878903,0.9793793040773351,0.7970312220914372,0.476118404029601,0.989,0.7680090519609155,0.7822556191881169,0.7973112358278089,0.801,0.5273520135806773,0.6228142746205348,0.39261346415336607,0.5445,0.11794652419879707,0.060516613853810255,0.11441668054059126,-0.07820704079122769,0.996,0.9905,0.9991423487663269,0.9866655468940735,0.9404424428939819,,0.49578133232976673,0.9969043695877312,0.9999044533438484,0.36,0.3411276375946848,0.8309105232482326,0.7882105938954973,0.6578625558806198,0.24951959850797845,0.631625817883082,0.24951959850797845,0.34119269251823425
67,0.3591942198259029,-0.15560314059257507,0.24422151595035715,0.7872336149063331,0.3487980089396302,0.47250993608133596,0.23423127905781976,0.494,0.4471925277382003,0.548421909665141,0.3457329099332275,0.5055,0.3745454690678891,0.4708632607183502,0.1729892067473017,0.312,0.08287730884102427,0.028301720236813387,0.09041604363088049,-0.05901588057348624,0.764,0.5065,0.9662989377975464,0.9628450870513916,0.9070166349411011,,0.419689363254112,0.5179406021940862,0.6037223652277209,0.215,0.28897515527422485,0.8527351431796207,0.8076948099791055,0.6948490391052711,0.2690544316763493,0.6560833559850867,0.2690544316763493,0.18315917253494263
68,0.4585369839198205,-0.01719527877867222,0.27679124355380397,0.9616890891813978,0.9999877893891643,0.8822130302410116,0.4348251727062932,1.0,0.7598532553247339,0.8350347883093115,0.7948072447018112,0.799,0.5266875278107508,0.6531525427778802,0.4713022088255522,0.5315,0.15938458608592498,0.06935666899189798,0.16768608158606957,-0.09357855651534276,1.0,1.0,0.9999792575836182,0.9874927997589111,0.941164493560791,,0.48739015104202676,0.9999891364638549,0.9997284044171132,0.345,0.2979555561224456,0.8111731681301365,0.7721999421392373,0.6338142531856484,0.17786734964584458,0.5987636782752167,0.17786734964584458,0.3423488289117813
69,0.249619651755188,-0.4004255533218384,0.1906520976788001,0.6462667104904865,0.05878475364948224,0.22832483475681922,0.03506325126581282,0.1055,0.08635731417569416,0.26552628111799353,0.005822675955668989,0.0915,0.1976840312118503,0.2117582381609526,-0.020892890223222556,0.0545,0.01270109019444761,-0.024990978590943038,0.011295180618408457,-0.0364234182950048,0.5705,0.102,0.9300282001495361,0.9181917905807495,0.8498326539993286,,0.1287060292039713,0.08198372408530764,0.11882038048048911,0.055,0.13236587072140232,0.8028083437461478,0.7746077067782915,0.7166491561455279,0.30795934407149084,0.6505061376853645,0.30795934407149084,0.005534667056053877
70,0.43262601049610155,-0.037050988525152206,0.37637656975392364,0.9420199605922207,0.9999919139257494,0.8318831968729414,0.20516959229239806,1.0,0.6417199845391528,0.7415081637547981,0.6752250458062614,0.705,0.42252070007133485,0.5303849068010053,0.3222099115524779,0.427,-0.009164137806968686,-0.13601704266548187,-0.012792578962927993,-0.13373173743695904,0.878,0.878,0.9999805688858032,0.9786652326583862,0.9069346189498901,,0.4005336847946941,0.9999975829608861,0.9805312420369857,0.345,0.2652188492172442,0.7821840786615929,0.7810075797819361,0.679076908450077,0.20342110067616942,0.6114224168924438,0.20342110067616942,0.21521985530853271
71,0.9999999999997222,-0.0,0.9999999999974046,0.9999999999999949,1.0000000000000002,1.0,1.0,1.0,1.0000000000000002,1.0,1.0,1.0,1.0,1.0,1.0,1.0,0.9999999999991712,0.9999999999989292,0.9999999999991911,-1.9373391779708982e-13,1.0,1.0,1.0,1.0000001192092896,1.0,,0.9999999999999996,0.9999999999999989,0.999999999999999,1.0,0.9999999999999962,0.9999999999985578,0.9999999999981359,0.9999999999970457,0.9999999999999912,0.9999999999984326,0.9999999999970457,1.0
72,-0.015166132233854697,-0.08874442428350449,0.622378224438951,0.04908197567743166,0.9999999999999992,0.9999999999969529,0.9999999909999977,1.0,0.9999999999911257,0.9999999999958699,0.9999999954999989,1.0,0.999999999982912,0.9999999999905845,0.9999999924999982,1.0,0.9999999998925159,0.9999999998571403,0.9999999999007018,-3.76555453485139e-11,1.0,1.0,1.0,1.0,1.0,,0.9999999999775455,0.9999999999999989,0.9999999999999991,1.0,0.9999999999762963,0.9999999999985397,0.9999999999980812,0.9999999999964128,0.9999999999979877,0.9999999999977554,0.9999999999964128,0.9999991059303284
73,0.972052841620849,-0.010851862840354443,0.9924787596787961,0.9885518201341159,0.9958580138705538,0.9077725138221444,0.5851240087810022,0.998,0.8236033798131274,0.9042053198521433,0.8414916003729,0.824,0.6880775504562044,0.8367848134495887,0.5461910715477679,0.6405,0.6446963739891582,0.5948535194486374,0.6470954990502131,-0.06617889710270586,0.9985,0.9995,0.9996379017829895,0.9914602637290955,0.9573876261711121,,0.6474132454273639,0.9999914067563408,0.9959550573869319,0.485,0.6195702885997915,0.9793184685547438,0.959358371410367,0.9521855886583935,0.9536008316683219,0.9611158150729566,0.9521855886583935,0.6901935040950775
74,0.27051891658260707,-0.2415284961462021,0.18076083368257756,0.6402290904048727,0.3211464882298011,0.5128373499985315,0.18647812061953015,0.4575,0.4296341595286622,0.5856930672794656,0.27487797421949356,0.488,0.407624288393101,0.5083477234187215,0.1624461676115419,0.286,0.08247388264292797,0.02806454966405421,0.07860626936229774,-0.06413803909463209,0.8,0.4745,0.8821295499801636,0.8917607069015503,0.857214093208313,,0.46092104435753795,0.48246401414952755,0.521207817541178,0.22,0.40443253248739325,0.8212651829887032,0.8019476427298126,0.7114567991482227,0.2976317186085115,0.6580753358688125,0.2976317186085115,0.1823379024863243
75,0.5059019234284718,-0.039402883499860764,0.3681911480222988,0.9517406840093837,0.9999465664782915,0.8073300665719761,0.3253057503264376,1.0,0.7000011541810298,0.7459873707279652,0.7356039669009917,0.761,0.39808847315399964,0.5140638351939161,0.3121500915375229,0.4315,0.10647742513004531,0.03247781338773755,0.11260155487579857,-0.09077043305010704,1.0,1.0,0.9999844431877136,0.9854453206062317,0.9240825176239014,,0.3973608174742936,0.9999990779532038,0.9940802175834937,0.36,0.28845470946224233,0.7813513702609309,0.7688375951977175,0.6177038611622625,0.21963871190831863,0.5968828846323074,0.21963871190831863,0.2369520217180252
76,0.3416211236444406,-0.089145727455616,0.2679375075927985,0.7338148332060006,0.4594208793811532,0.6055585730325571,0.28253472013368003,0.615,0.56624885159251,0.6841865002505251,0.4154620488655122,0.6005,0.4947702846155177,0.5995987274130061,0.25145451886362974,0.396,0.15678757385494144,0.09070588475652988,0.15522194711204612,-0.08227588538808525,0.8465,0.6025,0.9138228893280029,0.9267563223838806,0.8770120143890381,,0.561523440996525,0.696797596069186,0.7037135986370896,0.26,0.44350083387074785,0.8346132454655542,0.7927489764541095,0.7073374198898189,0.2527962981917242,0.6468739850003017,0.2527962981917242,0.2946912348270416
77,0.48555639353406765,-0.016720345243811607,0.38393452221163266,0.9623988484011111,0.9999876564893353,0.8799610654535385,0.41784509496127376,1.0,0.7636623101028486,0.8327041636132223,0.8092824433206108,0.793,0.5449563606434596,0.6539666723885285,0.4635785763946441,0.547,0.15310110119332346,0.07212894543803902,0.1506945852738641,-0.08745645161967738,1.0,1.0,0.999978244304657,0.9893351197242737,0.9428495168685913,,0.49235118891953517,0.9999968890101026,0.9999422793975445,0.35,0.2938434613397226,0.8178154436160002,0.775197153474119,0.6344515847015159,0.18187689267871143,0.6023352686175866,0.18187689267871143,0.3432581126689911
78,0.9999438916987978,-0.0001707361952867359,0.9999347455191244,0.9999999999999949,0.99999877633114,0.9971710274747021,0.9647659631914908,1.0,0.9911064768697034,0.9964574802809492,0.9896951534237883,0.966,0.9781519103219593,0.9921847707672035,0.9418885724721431,0.916,0.9867671234762385,0.9818736520524541,0.9871224677710254,-0.004461682052256832,1.0,1.0,0.9999983310699463,0.999561071395874,0.9976928234100342,,0.9800823239609844,0.9999999990768841,0.9999999801188184,0.925,0.9774710476242464,0.9999213628238808,0.999604222209312,0.9988224469770494,0.9987874032464236,0.9992838588141664,0.9987874032464236,0.9640830159187317
79,0.4322370227691203,-0.17799675464630127,0.27723104937573556,0.8354337243408951,0.7823163516406101,0.8207451089860812,0.4979778674944669,0.866,0.7276301446798324,0.8262275986875822,0.75564419991105,0.7635,0.5172957374851115,0.6336846784360767,0.45164791991198,0.511,0.17399638101145018,0.10091610236417363,0.1711339617987545,-0.09020565269947259,0.933,0.873,0.9896676540374756,0.9870589971542358,0.940500020980835,,0.4843325558612358,0.9179247322125828,0.9885836879043394,0.315,0.31055443348530004,0.8434345690411013,0.8034372407988483,0.6815077737997968,0.20993918471512182,0.634579692088717,0.20993918471512182,0.31752054393291473
80,0.1502392791838949,-0.6134529709815979,0.15604553255827508,0.6154418444284931,0.10449365656673755,0.28581941603242084,0.009735876933969233,0.169,0.1552274869506229,0.33665273590455796,0.06633421808355452,0.166,0.23151534004408778,0.280005711739561,0.08619387954846988,0.1,0.023299495484492696,-0.022550438085441382,0.02184858102336807,-0.04652494182866979,0.7005,0.16,0.9329164624214172,0.9183027744293213,0.8601187467575073,,0.20617807888704512,0.16210416217076892,0.19207659906698332,0.12,0.2477170608883647,0.8165593084561571,0.7727014088520406,0.7003338238777237,0.31902395059794436,0.6521546229459664,0.31902395059794436,0.020541799254715443
81,0.484581127561146,-0.016546685248613358,0.34492874950393276,0.9626276901002668,0.9999999999999989,0.9999999999972434,0.9999999909999977,1.0,0.9999999999914664,0.9999999999962274,0.9999999969999992,1.0,0.999999999984677,0.9999999999915943,0.9999999909999977,1.0,0.9999999999027154,0.9999999998691511,0.9999999999094591,-2.8658520001556553e-11,1.0,1.0,0.9999999403953552,1.0000001192092896,0.9999998807907104,,0.9999999999803775,0.9999999999999984,0.9999999999999988,1.0,0.9999999999808102,0.7929887788778143,0.7873438747193734,0.6344161488463653,0.1778098017595405,0.5981396510507734,0.1778098017595405,0.9999997317790985
82,0.4807644193426983,-0.016315331682562828,0.9918696762424322,0.9663485886375008,0.9999999999999992,0.9999999999972244,0.9999999924999982,1.0,0.9999999999925884,0.9999999999963736,0.9999999924999982,1.0,0.9999999999855606,0.9999999999918286,0.999999987999997,1.0,0.9999999999007781,0.9999999998644162,0.9999999999068792,-3.207323295839615e-11,1.0,1.0,0.9999999403953552,1.0,1.0,,0.9999999999824374,0.999999999999999,0.9999999999999988,1.0,0.9999999999795917,0.9999999999985548,0.7737401579964687,0.638273532443816,0.17877992372673362,0.6476984035413933,0.17877992372673362,0.9999991953372955
83,0.4411307452358625,-0.016930637881159782,0.2537193831280974,0.9605180918758045,0.9999999999999991,0.9999999999972805,0.9999999924999982,1.0,0.9999999999914642,0.9999999999963107,0.9999999939999985,1.0,0.9999999999845582,0.999999999991819,0.999999987999997,1.0,0.9999999999005461,0.9999999998619109,0.9999999999111924,-3.047662122668271e-11,1.0,1.0,0.9999999403953552,1.0,0.9999998807907104,,0.9999999999791187,0.9999999999999988,0.9999999999999991,1.0,0.9999999999787447,0.7837209856207797,0.7895021256115651,0.6393348730746988,0.17835846084969362,0.5977291112891843,0.17835846084969362,0.9999996423721313
84,0.28297572101474033,-0.17500117421150208,0.3138709445670713,0.7633265930830375,0.17196856042556577,0.31843285493910645,0.09542856585714146,0.3145,0.2282686945667117,0.3681687094023288,0.25648418512104626,0.337,0.17875258261749363,0.23415188168313927,0.02319928179982045,0.1325,0.025398874533497706,-0.02362135590867797,0.024260211711586713,-0.05286524197699088,0.701,0.3115,0.9486641883850098,0.9484372735023499,0.8715364933013916,,0.17422393575437323,0.2987168347354815,0.48794646814105436,0.145,0.21452133740165855,0.7836619877942763,0.7576789307949179,0.7100531069392307,0.29676275496924276,0.637039195124417,0.29676275496924276,0.019663654267787933
85,0.29038452312401847,-0.2670614719390869,0.17970117647531006,0.6451215035911182,0.34040685185500047,0.5175297233241792,0.20191740547935136,0.4945,0.45350059537251897,0.5986256489182381,0.31806039901509975,0.4945,0.44391811719383867,0.5345946094194514,0.24119511329877832,0.342,0.10200753100782466,0.040442254645334456,0.09665650180144343,-0.057187262602351824,0.807,0.4815,0.896520733833313,0.9103261828422546,0.87477707862854,,0.47156610521469666,0.5457293316773484,0.5875647678030599,0.2,0.39865660805215597,0.84325784296102,0.7834022185356125,0.7106668134592883,0.2968391335358194,0.658541502122935,0.2968391335358194,0.21056906133890152
86,0.9989398046982723,-0.0007712283404543996,0.9999905198052439,0.9998999014376204,0.9999785652615237,0.9701514247440636,0.7180755385188846,1.0,0.9293763776914402,0.9640626426064142,0.9274853363713341,0.898,0.8866664018409368,0.9410343184722338,0.7683822420955605,0.799,0.887483017943241,0.8662036259678384,0.8875150252573832,-0.024470670233969427,1.0,1.0,0.9999820590019226,0.9964848756790161,0.9829890727996826,,0.8264808504026542,0.9999998556636497,0.9999989887662891,0.65,0.8507116199689124,0.9999999999985578,0.9999999999981359,0.9927146679015696,0.9886376969379183,0.9953380912090454,0.9886376969379183,0.8950820565223694
87,0.1979107095941196,-0.3198900818824768,0.15540878827678747,0.6268633990500859,0.18894986707870118,0.43960699259320457,0.12502013225503306,0.3075,0.26990476285991166,0.5109635946592306,0.15496524874131218,0.3075,0.34575819898835025,0.45864956202823287,0.10487853221963306,0.2225,0.05586955031660233,-0.004371224243973147,0.04865407659164027,-0.06609190347008305,0.7385,0.2755,0.8327220678329468,0.8418537378311157,0.802829921245575,,0.3175377708755759,0.3153533894975744,0.3519075736230183,0.125,0.30085815182236775,0.8293110945782984,0.7786856116102651,0.7061119396867075,0.3278896722740928,0.660499579537341,0.3278896722740928,0.08514263480901718
88,0.47911448293493025,-0.031149117276072502,0.20181549719445782,0.9479051739255404,0.9988874593623467,0.7187965176748218,0.33777283094320776,0.9995,0.7426611835752723,0.6251292089248467,0.7762701230675307,0.7715,0.45609205131742686,0.4766277482092484,0.37575407943851985,0.482,0.10099739919615373,0.04165814205793288,0.10034129856146638,-0.0553249449733538,1.0,1.0,0.9997515678405762,0.9854691028594971,0.9325741529464722,,0.4603574629529446,0.9951098922631054,0.9982285538479707,0.345,0.28745357385591713,0.7464892317513597,0.7867309601298248,0.6588464346156669,0.23622111570942095,0.6070719355515681,0.23622111570942095,0.23423530161380768
89,0.46743004001609195,-0.016547121107578278,0.24315925997861218,0.9619127489169256,0.9999920227811255,0.8819850243942519,0.41627246756811687,1.0,0.7644302830044826,0.8354340807741457,0.810284856071214,0.797,0.5513988512083103,0.6546908506333204,0.45466402016600505,0.551,0.16167424316762843,0.07061447384902834,0.16437910542211664,-0.09648589294451754,1.0,1.0,0.9999861717224121,0.9887580275535583,0.9421899318695068,,0.4889073665796603,0.99999776239748,0.9997177455012732,0.35,0.29754577280997885,0.7643342347106789,0.7701756476286995,0.6298852997220131,0.17789235489119767,0.5855718842381473,0.17789235489119767,0.3557766079902649
90,0.9938862410462858,-0.002099478617310524,0.9980828802673825,0.9995842267931607,0.9988230088584096,0.9288459914497761,0.5589262622315656,1.0,0.8407870153141837,0.9184931391925276,0.8479665409916353,0.831,0.7414494175519922,0.8537639697786996,0.6113643523410881,0.6725,0.6628322427337225,0.6185367603456252,0.6581245509936867,-0.04365574640185088,0.997,0.9995,0.9995584487915039,0.992507815361023,0.9679882526397705,,0.6902342000574382,0.9999209679789615,0.9961795924589139,0.515,0.6710609324333292,0.997725189492133,0.9942759740305646,0.977517480870127,0.9660331223407893,0.9838879416834034,0.9660331223407893,0.7158646285533905
91,0.9969439383258789,-0.0014882070245221257,0.9981468230741782,0.9997459241254271,0.9993824847872194,0.9498650881859162,0.6305002156250539,1.0,0.880140133524344,0.9402662473671063,0.8782495385623846,0.8575,0.7881520675443556,0.8873483992098999,0.6557686099421525,0.711,0.752657400363767,0.7032384278857048,0.7580347476318723,-0.04672549376775259,0.9985,1.0,0.9997551441192627,0.9937714338302612,0.9751325249671936,,0.7614163077227184,0.9999976995060601,0.9999827144876751,0.51,0.7174628185052806,0.998399104401316,0.9960790702311503,0.98367337024379,0.9764985824692858,0.9886625318363855,0.9764985824692858,0.7783898115158081
92,0.17681073467699351,-0.3027362823486328,0.15674846914763055,0.6249894769344237,0.1727223465329994,0.42223038560498827,0.0803383595845899,0.2675,0.25529347969100635,0.49596512522638014,0.12263693765923442,0.283,0.3344771605179927,0.43883600159127245,0.11571753042938261,0.2,0.05630306609715359,-0.006381752066535943,0.052662959687561905,-0.06654332662533029,0.752,0.252,0.8056458234786987,0.806347131729126,0.7784942984580994,,0.33122713157993616,0.26789513476111637,0.31368026677438615,0.145,0.31683156585804034,0.8228646765964132,0.8001991591173292,0.7107962082760599,0.33355183222635904,0.6668529690540403,0.33355183222635904,0.07495569437742233
93,0.43901171906389547,-0.08193148672580719,0.37584266776697145,0.9304590333946152,0.6011058329281661,0.5709318497656246,0.3827655596913899,0.725,0.6643920257453816,0.6491380195256299,0.580752568188142,0.7045,0.4836878693587093,0.5891945608400503,0.3198201694550424,0.4735,0.15287939133777573,0.08810364941851948,0.15485777482551957,-0.075394774628224,0.8665,0.727,0.9840560555458069,0.9821606278419495,0.9293060898780823,,0.5121392335136569,0.8337278436734329,0.9037334466617774,0.26,0.3482244710091678,0.8004428341090432,0.7829943609790556,0.6521853929818814,0.24851761089263874,0.6210350497406547,0.24851761089263874,0.35191407799720764
94,0.35300456762094523,-0.0948130190372467,0.29433618484896407,0.7402504788844706,0.48332626592226696,0.577189938395487,0.3122434095608524,0.63,0.5931635534385022,0.6559440702613178,0.457750387937597,0.6245,0.529726016529747,0.6153442183593533,0.27805775301443825,0.4255,0.16230830631757795,0.08044297017607058,0.1645891610169013,-0.09139392465523927,0.838,0.616,0.9226336479187012,0.9393073916435242,0.893986701965332,,0.5603217464299295,0.7383446042899042,0.7620909880209101,0.28,0.4567879672413814,0.8374985255313657,0.8003205008970364,0.7047905162378736,0.2516814414282561,0.648572746023633,0.2516814414282561,0.2879285216331482
95,0.14641196358221092,-0.4754372239112854,0.15082433195525433,0.6201011475355299,0.13608712007089613,0.35129224572216405,0.08300460875115219,0.2215,0.2030320232017569,0.4173241545370265,0.12382471445617861,0.235,0.2918414404237586,0.3613065606262775,0.05722324580581145,0.1655,0.0346378027496245,-0.013372790819210575,0.03840690726232168,-0.05682075245167384,0.7355,0.2155,0.8549579381942749,0.8507758378982544,0.8065258264541626,,0.2555346676107111,0.21826483179901718,0.2631062457997186,0.1,0.2481773686822381,0.8027462940055299,0.772202224298799,0.6979234026389592,0.3424614345165694,0.6538333388649644,0.3424614345165694,0.03878609277307987
96,0.9967598836668261,-0.0014540955889970064,0.9979079266568729,0.9997757749101805,0.9998015171276328,0.9603107724204252,0.6538825214706304,1.0,0.8835922671297822,0.9491548779447249,0.8916759714189929,0.867,0.8032318572277996,0.8972046484225117,0.6951684747921187,0.733,0.7764869561031575,0.7388134752349557,0.7768816584421734,-0.044928051459847684,0.999,0.9995,0.9998984336853027,0.9949755072593689,0.9765436053276062,,0.7332163558082861,0.9999835013954462,0.9999843951783159,0.545,0.7506502881246712,0.9989314794076377,0.9971197334237111,0.9856738866274032,0.98304201678725,0.9911917790615005,0.98304201678725,0.7845804989337921
97,0.47409330089332385,-0.01700209639966488,0.40302177280795337,0.9631344152427687,0.9999894432103761,0.8827163021444684,0.4313723473430868,1.0,0.7675286863338805,0.8373689004050098,0.8029814622453656,0.7975,0.5276077047017834,0.6547146422312281,0.43702570775642696,0.5335,0.15806293907253888,0.07415453222158833,0.1586632113881874,-0.08319591481108948,1.0,1.0,0.9999784231185913,0.9886277914047241,0.9415109157562256,,0.49135017213215554,0.9999994062525741,0.9986579725683495,0.35,0.3011768269753559,0.8114435545038253,0.7858950057404541,0.6357833111332886,0.18002331292258708,0.6032862960750388,0.18002331292258708,0.34216853976249695
98,0.3916366719698326,-0.06537279486656189,0.4777938940591889,0.9459803325506893,0.30532471892082724,0.4388021271209168,0.19956183789045948,0.4825,0.39371317181152127,0.5147975435281965,0.40069820817455204,0.496,0.23619808968401484,0.3209473672800819,0.12412169653042414,0.213,0.044977617770793676,-0.006329418596702147,0.04839484506116891,-0.043371889369310704,0.7245,0.4755,0.9567371010780334,0.9648842215538025,0.8820304274559021,,0.26174717377170165,0.5012447218087327,0.7392310622412238,0.21,0.24668812365851742,0.8190142274624964,0.7848543945538058,0.6681046014510025,0.27700061636377943,0.637243459957771,0.27700061636377943,0.06663400679826736
99,0.4987803063976192,-0.016100402921438217,0.32021012727464043,0.9600941099527508,0.9998963420548094,0.871000368478822,0.34974821593705396,1.0,0.7507151131175929,0.8224906677439723,0.7764952626238156,0.786,0.4982645080967602,0.6396598294918293,0.41220477255119314,0.5205,0.14979034200697874,0.0782597470440218,0.14897578998492417,-0.08043367428194001,1.0,1.0,0.9999606013298035,0.9882102608680725,0.937156617641449,,0.48350469428937665,0.9995547887979597,0.99843668306503,0.355,0.30560397353432955,0.7977597519626949,0.7776460492413855,0.6343957226923936,0.17186281969381884,0.5954160858975732,0.17186281969381884,0.3366682380437851
100,0.1541142655333929,-0.4782373011112213,0.15248609539433,0.6201268097671537,0.13132932234504568,0.35483347250061176,0.061319205329801334,0.2155,0.192714681077254,0.4106487695776433,0.09716248979062245,0.2145,0.29189566001385175,0.3619863992317898,0.07764042291010573,0.16,0.0370448038793731,-0.009174909226159903,0.03522162650976361,-0.04233804746735318,0.742,0.1965,0.8369754552841187,0.8423346281051636,0.7929717898368835,,0.23971666146570392,0.2299238340109997,0.24751029490059098,0.12,0.27573382086732146,0.8094976915269297,0.7783447846142176,0.705154139809684,0.34778604201652696,0.6601956644918395,0.34778604201652696,0.036559089086949825
101,0.9764792690731,-0.009540214203298092,0.9954686920839458,0.9910968002589456,0.996437596886759,0.8983279184168614,0.5790756307689077,0.9995,0.8193390964386084,0.8941161920380554,0.8304521331130332,0.827,0.6617586964976293,0.8199938493930412,0.5193423998355999,0.623,0.6481415013119628,0.5995331326216402,0.6484337438615712,-0.04892401981644734,0.997,0.998,0.9994008541107178,0.9914986491203308,0.9548922181129456,,0.6234614309296316,0.9997196128148015,0.9996715348439615,0.45,0.6102071884602475,0.9863583684231537,0.9710639076518769,0.9491711968046656,0.953014362104083,0.9649019587459449,0.9491711968046656,0.7142543196678162
102,0.9928879351915386,-0.0022321816068142653,0.9954605317786847,0.9995896754214797,0.9987316910135499,0.930615664628801,0.5870352657588165,0.9995,0.8491095893872973,0.9187394184931253,0.8522730450682613,0.836,0.7305953893477409,0.850276796648647,0.5861427250356812,0.6645,0.6727631156538686,0.619951709636293,0.6796694781568243,-0.05533236572796607,0.9995,1.0,0.9997061491012573,0.9932703971862793,0.9654102325439453,,0.6821811376816267,0.9999693047232693,0.9998182238806393,0.48,0.6638254594773767,0.9969602673620988,0.9935601555022258,0.9786901508211084,0.9686822597467246,0.9844732083580394,0.9686822597467246,0.7235482931137085
103,0.1926208605207962,-0.38398921489715576,0.16260322795218682,0.6246519777735073,0.06530450855806756,0.25975590140745014,0.031697955424488854,0.121,0.09414588457078112,0.29851006994691714,0.060669709667427414,0.117,0.2239967345807611,0.2366284344465119,-0.02270516367629092,0.0715,0.01902435671742706,-0.013685424787094677,0.016502001377329614,-0.03643919648793488,0.6385,0.106,0.9101188778877258,0.9022032618522644,0.834251880645752,,0.13378988386263702,0.09773636114434314,0.13134266794315075,0.065,0.15054318391201585,0.7949507208370501,0.795391269123136,0.6619748704220446,0.23623700854550372,0.6221384672319337,0.23623700854550372,0.016446607653051615
104,0.9998481533237525,-0.0002758004702627659,0.9999115690503491,0.9999999999999949,0.9999985937408858,0.9967485686930324,0.9584255516063879,1.0,0.9900746460377424,0.9959619691557546,0.9885638501409625,0.9625,0.9776095923997932,0.99164813401137,0.9400567645141912,0.9155,0.9830194602065089,0.9786379333912358,0.9834980793124092,-0.0048298755123389325,1.0,1.0,0.9999983310699463,0.9994944334030151,0.997541069984436,,0.9782896097670599,0.9999999987813832,0.9999999844309487,0.915,0.9762439721296212,0.999832981482891,0.9995595808118667,0.9987685181545235,0.9985792183292044,0.9991850746946214,0.9985792183292044,0.9558179378509521
105,0.46340820456981,-0.016913140192627907,0.2570216999085324,0.9630416711221002,0.999999999999998,0.9999999999971537,0.999999987999997,1.0,0.9999999999918077,0.9999999999963447,0.9999999939999985,1.0,0.9999999999853627,0.9999999999916286,0.9999999894999974,1.0,0.9999999999017377,0.9999999998720925,0.999999999905097,-3.285660632457166e-11,1.0,1.0,1.0,1.0,1.0,,0.9999999999810165,0.999999999999999,0.9999999999999988,1.0,0.9999999999792187,0.7750303135887746,0.7764551174446129,0.6467904205960582,0.1845414128710435,0.5957043161251223,0.1845414128710435,0.999999076128006
106,0.11898275397736925,-0.5738759636878967,0.14857879597529497,0.6221540405221324,0.1898115328470401,0.3162406762214075,0.1303775275943819,0.343,0.24924395451694836,0.3583397084159335,0.21424317256079314,0.335,0.20956636371718215,0.2624818023621277,0.026043156510789128,0.1505,0.02536059685936353,-0.022344680759505162,0.021930294341194558,-0.04874302739349014,0.742,0.335,0.9400052428245544,0.9432679414749146,0.8784452080726624,,0.23859292525060544,0.2873456005171191,0.4641401003262036,0.135,0.25572709316290426,0.7722446488077699,0.7605711841016279,0.6951466891171656,0.32000703792990326,0.6369923899891166,0.32000703792990326,0.01515644509345293
107,0.46006799586540154,-0.026108507066965103,0.4820402131624713,0.947821487780321,0.6218018274830854,0.636109772011713,0.40741606035401506,0.7475,0.701523343769054,0.7169659639433349,0.6085456551364138,0.715,0.5886023828687251,0.6790724989961086,0.4016499419124855,0.5065,0.22661979363149407,0.149951978966044,0.22496606362099508,-0.09441905579045032,0.8845,0.746,0.9570809602737427,0.9713453650474548,0.928142786026001,,0.593407193912425,0.8594252431479159,0.8809547337712818,0.305,0.45692604035330775,0.8269572385575029,0.7852699471918756,0.6573953190383548,0.22182834981788774,0.6228627136514053,0.22182834981788774,0.42245426774024963
108,0.993712027188984,-0.00211641239002347,0.998759897831567,0.9996254457645509,0.9972640306752913,0.9378463188818327,0.593916443979111,0.9985,0.8496611232106033,0.927516012897962,0.8640953205238301,0.83,0.7357295050844198,0.8579361000698102,0.6326294451573613,0.6705,0.6781454432572019,0.6311973349048307,0.683235341837465,-0.046092407209146646,0.999,1.0,0.9994698166847229,0.9931490421295166,0.9693237543106079,,0.6882565142522588,0.999964551239624,0.9994713491799269,0.455,0.6721160919236074,0.9982126205032501,0.9946256662066941,0.9804454767050649,0.9701666953565918,0.9858626146929002,0.9701666953565918,0.7273346781730652
109,0.4611690793398524,-0.017103297635912895,0.2974613485299895,0.9610919777345793,0.9999999999999987,0.9999999999972541,0.9999999909999977,1.0,0.9999999999927359,0.9999999999963374,0.9999999969999992,1.0,0.9999999999860444,0.9999999999917738,0.999999987999997,1.0,0.9999999999003383,0.9999999998657965,0.9999999999089557,-3.223976641208992e-11,1.0,1.0,0.9999999403953552,1.0000001192092896,1.0,,0.9999999999833489,0.9999999999999989,0.9999999999999987,1.0,0.9999999999770072,0.7844901705012183,0.7814163953381612,0.6302014103881332,0.17967465569555835,0.5939456579807677,0.17967465569555835,0.9999995827674866
110,0.9995569866467179,-0.001533939503133297,0.9996300665071771,0.9999253802192948,0.9999973840226939,0.9925287307958351,0.9022565945641486,1.0,0.9818570515489139,0.9912774304052492,0.9776230349057587,0.9485,0.962505776362379,0.9824585631853823,0.9008261042065261,0.8895,0.9607349698490314,0.9527643730943403,0.9618632550074767,-0.008755700445018721,1.0,1.0,0.9999952912330627,0.9990472197532654,0.995414674282074,,0.9564576187886805,0.9999999737846376,0.9999999314729665,0.77,0.9514931933213701,0.9998192782215161,0.9994662174778202,0.9981565284138613,0.9970089155521913,0.9986127349163472,0.9970089155521913,0.9324169158935547
111,0.4792465142636218,-0.01806766912341118,0.3546169965148505,0.9603295187779975,0.9999932875408922,0.869461814673595,0.3769978992494748,1.0,0.7550995973409603,0.8157675273037973,0.775543387885847,0.789,0.5054295621334786,0.625874027887469,0.4730521797630449,0.537,0.0901125611320303,0.007061341831156807,0.09311667260290438,-0.09374054194411975,1.0,1.0,0.9999865889549255,0.987217366695404,0.9385756254196167,,0.46477187970486206,0.9999993015242196,0.9989579568122531,0.355,0.3086931712564721,0.8105691036705982,0.7750633724941628,0.6168218565103002,0.18725511168026543,0.5974273610888317,0.18725511168026543,0.3118724077939987
112,0.5035808938505582,-0.020278841257095337,0.43427255262956155,0.9609210917536588,0.9999926166661165,0.8651066503860756,0.38896472374118096,1.0,0.7523153588797044,0.8146332167737811,0.7905540071385018,0.778,0.5163737631661828,0.6270873809618795,0.45381809345452334,0.525,0.07675262016031435,-0.006669693751328303,0.07915739826734623,-0.08659892347927133,1.0,1.0,0.9999851584434509,0.9866939187049866,0.9404891729354858,,0.4608355392790098,0.9999993551980974,0.9993326964974919,0.345,0.29422666861237384,0.8456752610627561,0.7870017864552938,0.6243996431175912,0.1858704673081719,0.6107367894859532,0.1858704673081719,0.29747289419174194
113,0.20646564844956813,-0.7862781882286072,0.1633168602605006,0.6379373626775338,0.3710751203022988,0.47257461422374997,0.26958199939549987,0.541,0.4294032378846218,0.5331084489064519,0.44476565869141466,0.5185,0.28987551669773437,0.39531303213843694,0.11279496419874105,0.261,0.05118411840678198,0.0032895299332794136,0.050408301168315836,-0.05456512070779533,0.7925,0.5575,0.9671216607093811,0.9700651168823242,0.8971274495124817,,0.3219996307004664,0.541546014213559,0.8039749962392333,0.215,0.26910476126753974,0.8218870373213367,0.800549290434447,0.7024016295387789,0.30263912485699956,0.6568692705378906,0.30263912485699956,0.057347895577549934
114,0.9968538791896622,-0.001492346404120326,0.9987464588358264,0.9997446890065949,0.9993129775269679,0.9476213063250326,0.5927428061857015,0.9995,0.8692031234302938,0.9360369699704466,0.8750674632668658,0.849,0.7897612736449178,0.8830055579501599,0.6497374249343563,0.7,0.747184340001282,0.7035641760441894,0.7487777072032782,-0.03356845440011036,0.9985,0.9995,0.9997938275337219,0.993541955947876,0.9721968770027161,,0.7215162585319482,0.9999919921991444,0.9999693532224571,0.56,0.7369652139829144,0.9985761677635642,0.9957980383297841,0.981722969353175,0.9761556992664123,0.9880632186782339,0.9761556992664123,0.7736515998840332
115,0.9967880808004232,-0.001506612403318286,0.9983696778657082,0.9997624026247623,0.9996275778920377,0.9509842513150063,0.6328880452220113,1.0,0.8735448139255217,0.94018489214507,0.8746939691734923,0.8555,0.8122717322634548,0.8914600816261282,0.6655938388984597,0.718,0.7633905120365064,0.7225217075297808,0.7672574824042959,-0.04207205317665774,0.9995,1.0,0.9998233318328857,0.9943548440933228,0.9738003611564636,,0.7401996791392207,0.9999966233051925,0.9996816033408049,0.585,0.7599437889400826,0.99836412877994,0.9965290935773266,0.9846300861276395,0.9784837022400711,0.9895017526812443,0.9784837022400711,0.7836468815803528
116,0.4849055172334041,-0.016742035746574402,0.4659954880035592,0.9636035129343468,0.9999999999999977,0.9999999999972342,0.9999999909999977,1.0,0.9999999999922536,0.9999999999963128,0.9999999924999982,1.0,0.9999999999843117,0.9999999999917275,0.9999999864999967,1.0,0.9999999999011301,0.9999999998707465,0.9999999999079303,-3.0719204957563306e-11,1.0,1.0,0.9999999403953552,1.0,1.0,,0.9999999999802258,0.9999999999999988,0.9999999999999988,1.0,0.9999999999803133,0.7996498712252411,0.7788207360220916,0.6343274349584186,0.19045563088516795,0.6008134182727298,0.19045563088516795,0.9999998807907104
117,0.30330580503467686,-0.1581590473651886,0.29838278955222175,0.7695464394883461,0.17170966185283967,0.3206829000151373,0.07998806149701537,0.322,0.23564689511641487,0.37470338734790515,0.22687200871800217,0.349,0.18075306421127854,0.2374669513819154,0.05574992293748073,0.1325,0.019941189725567583,-0.02665348492294964,0.02016130461721355,-0.045907678594851,0.6975,0.3175,0.9450595378875732,0.9461740851402283,0.876457154750824,,0.1695788536591324,0.3065501945057522,0.48390946983438293,0.135,0.20097893746320622,0.7573932857583606,0.7609075644840484,0.7089723767351437,0.29419974791298104,0.6303682437226334,0.29419974791298104,0.02063935063779354
118,0.4774632934966325,-0.01917250268161297,0.40326021251983807,0.9617132536195202,0.9999919678953838,0.867380447083905,0.3868801387200347,1.0,0.7494686573422215,0.8137640174451605,0.7745355856338965,0.797,0.493738800087528,0.6227132297826423,0.45840232260058067,0.524,0.07358686349882566,-0.019971796299327785,0.07460146902340525,-0.0782537727378643,1.0,1.0,0.9999866485595703,0.9865367412567139,0.9401195049285889,,0.44316095850090614,0.9999996036682905,0.9998400243894023,0.35,0.30743577238406017,0.7840465440600826,0.7930278187758409,0.6191497555582339,0.18438982940921037,0.595153486950842,0.18438982940921037,0.3137176036834717
119,0.13432515425275246,-0.6190466284751892,0.15014017959819292,0.61426961481396,0.1320790476376023,0.30960232316596287,0.11923492330873083,0.2275,0.1960001180182322,0.36768631056230083,0.1068604092151023,0.226,0.26339674692193266,0.30930676691097053,0.02415679803919951,0.1385,0.028330015609744866,-0.02147177517097091,0.02948575914789641,-0.05014201839012067,0.6985,0.209,0.9353765249252319,0.9298699498176575,0.8711988925933838,,0.24055143831028297,0.22752544906047967,0.2659636768063084,0.135,0.2725157976175295,0.808371120575965,0.7846035266689653,0.6915969884905141,0.321665313456794,0.6515592372980596,0.321665313456794,0.03275467315688729
120,0.006514819671808698,-0.6295102834701538,0.13952232706891524,0.6154904482528722,0.02971923341986244,0.19918869634539113,0.044930300232575056,0.065,0.048191962178603165,0.231496060666303,0.018761946190486548,0.0655,0.22914441572015035,0.18926754090197911,-0.02484189171047293,0.0575,0.012068647364200453,-0.02698244250064407,0.011620007302919861,-0.04426652364788312,0.7335,0.071,0.9133865237236023,0.8978366255760193,0.829352617263794,,0.11024437453842886,0.05473806413787222,0.06851267833083774,0.03,0.10911662086172313,0.8196922691019914,0.7536554156501091,0.6367539107996476,0.2283428201447399,0.609611103924122,0.2283428201447399,0.0100995316170156
121,0.9966331297449353,-0.0014700613683089614,0.9995669767801337,0.9997778331618435,0.999512961385892,0.9599021298742771,0.6289099782274945,1.0,0.8797250745935133,0.9471382068578333,0.888912684228171,0.8555,0.7981962483360759,0.8943854711812086,0.6839532764883192,0.711,0.7784962718009908,0.739130782729466,0.7809928156897755,-0.03283980068707515,1.0,0.9995,0.9998947978019714,0.9941645264625549,0.9752798080444336,,0.7425950618350687,0.99999919138707,0.9986672627141484,0.635,0.7675685178639734,0.9987360100706142,0.9967519132704307,0.9857022926291659,0.9822250876546255,0.990853825906209,0.9822250876546255,0.7907739877700806
122,0.351865517288643,-0.1324828416109085,0.26460849320494406,0.7551520826319409,0.4138855261948443,0.5532832570754072,0.27157913289478325,0.555,0.5164887724142563,0.6255380120137477,0.39302923425730857,0.555,0.4691281750677089,0.5729055506110133,0.2635043143760786,0.3825,0.13020422527944436,0.06026737528935958,0.13058026999533465,-0.07721676200195243,0.8395,0.5455,0.9354234337806702,0.9474124908447266,0.9021191000938416,,0.4645008350215039,0.6492924618380658,0.6757384986389965,0.235,0.3770279560608632,0.8168505880838262,0.7987735104907406,0.6968622103396989,0.2523129542692644,0.6411998157958825,0.2523129542692644,0.2900694012641907
123,0.4926265699184403,-0.01661100797355175,0.3101049481731442,0.9600734742777186,0.9999999999999992,0.9999999999972864,0.9999999924999982,1.0,0.9999999999925006,0.9999999999962554,0.9999999954999989,1.0,0.999999999985972,0.999999999991718,0.9999999894999974,1.0,0.9999999999011382,0.999999999870421,0.9999999999070459,-3.1635360997483986e-11,1.0,1.0,1.0,1.0,1.0,,0.9999999999820761,0.9999999999999989,0.9999999999999991,1.0,0.9999999999806592,0.7550083564902512,0.7797872501372506,0.639335975501484,0.1769376518367739,0.58776730849144,0.1769376518367739,0.9999995827674866
124,0.9999999999997222,-0.0,0.9999999999974046,0.9999999999999949,1.0000000000000002,1.0,1.0,1.0,1.0000000000000002,1.0,1.0,1.0,1.0,1.0,1.0,1.0,0.9999999999991712,0.9999999999989292,0.9999999999991911,-1.9373391779708982e-13,1.0,1.0,1.0,1.0000001192092896,1.0,,0.9999999999999996,0.9999999999999989,0.999999999999999,1.0,0.9999999999999962,0.9999999999985578,0.9999999999981359,0.9999999999970457,0.9999999999999912,0.9999999999984326,0.9999999999970457,1.0
125,0.4575360501495761,-0.07443534582853317,0.2261027115047085,0.9188842232063842,0.9998614527570471,0.811272284377738,0.45798076699519175,1.0,0.7522304148258874,0.7908836384402192,0.7788402567100642,0.7945,0.4974752891787648,0.6078402008048149,0.38225175856293964,0.514,0.15057845692570304,0.07340191558425532,0.1495775630144556,-0.0852643160168919,1.0,1.0,0.9999136328697205,0.9875847697257996,0.9398438930511475,,0.48251527249635795,0.9999679091152757,0.999026504781924,0.355,0.3388522886952315,0.7709614857246807,0.7609614582241022,0.6277528770186749,0.21380626062953056,0.593370520399247,0.21380626062953056,0.34309084713459015
126,0.21286353629347807,-0.39717620611190796,0.1716484522556809,0.6281369982061191,0.07308920055340602,0.24660236517020198,0.03645292211323053,0.1325,0.11279323564094877,0.2875703303979172,0.059335444333861086,0.1245,0.24570019866721676,0.22962049652145297,0.02505979676494919,0.089,0.025771972183402974,-0.016932322691777465,0.022986187164928527,-0.03991933841556975,0.688,0.1275,0.9202123284339905,0.9123119711875916,0.8435543179512024,,0.16383348279803991,0.10361361114164375,0.14381266021490954,0.045,0.15885402629618614,0.8221842780151172,0.7713457799611889,0.6696173582568539,0.24340894078573597,0.626639089254724,0.24340894078573597,0.023038541432470083
127,0.2183565265199627,-0.3183252215385437,0.15903663326640344,0.6270916895857442,0.19260629672850532,0.43730167829894506,0.10807644001911,0.3025,0.2749703359547179,0.5053251430840628,0.13872594018148504,0.3165,0.35311579193079967,0.44960402828953666,0.1338377404594351,0.2175,0.0594459115849713,0.0067698839554531124,0.05474823633622748,-0.06842291348261145,0.7565,0.2925,0.8405881524085999,0.8457229137420654,0.7997543811798096,,0.3082457969267881,0.3061377601783005,0.34843131810939093,0.09,0.3115659175100819,0.8168770210755875,0.7792932541073614,0.7027652788522266,0.31984885601918206,0.6546961025135893,0.31984885601918206,0.07833289355039597
128,0.48385375896560295,-0.06435716152191162,0.37559514883595574,0.949823209802003,0.9307275339902096,0.7633939129867167,0.4428291447072862,0.9615,0.7404371208082063,0.763223159234548,0.7802783190695798,0.78,0.5096311247094427,0.6020308684270816,0.4128572352143088,0.5145,0.10833068992976325,0.052450010165380194,0.11113804445092493,-0.07293945857067893,0.9805,0.9575,0.9978245496749878,0.9867850542068481,0.9419228434562683,,0.47285159205660376,0.9827758781490252,0.9960176393857088,0.33,0.3220821122754107,0.8457955338063976,0.7944171509941257,0.6626258639183435,0.24530167817881238,0.6370350567244198,0.24530167817881238,0.326608806848526
129,0.47358666478324424,-0.016973666846752167,0.22774558999987676,0.9613360762157714,0.9999999999999983,0.9999999999972572,0.9999999939999985,1.0,0.9999999999919696,0.9999999999962876,0.9999999969999992,1.0,0.9999999999855325,0.9999999999917765,0.9999999849999962,1.0,0.9999999999007694,0.9999999998691456,0.9999999999077424,-3.366928957859727e-11,1.0,1.0,0.9999999403953552,1.0,1.0,,0.9999999999801944,0.9999999999999991,0.9999999999999988,1.0,0.9999999999831843,0.756755687428499,0.7709445385387329,0.6245339057231827,0.18326175448644977,0.583873971544216,0.18326175448644977,0.9999997019767761
130,0.5041654562234651,-0.016011876985430717,0.3695914511366876,0.9620573758145686,0.999393836084818,0.8598462540686951,0.2854452683613171,0.9995,0.7317990798792208,0.8096026600574449,0.7629379307344827,0.7805,0.4828286974332182,0.6144889420184915,0.4109103307275827,0.5025,0.12572962305485597,0.052148337254665486,0.12836624064271662,-0.09793157585853522,0.9995,0.9995,0.9998221397399902,0.9869377017021179,0.9292545318603516,,0.4432932866821354,0.9999788097848361,0.997951512478095,0.345,0.33218423597758256,0.7877365732230317,0.7785275974698765,0.6211107880761333,0.1842411436098448,0.5929040255947216,0.1842411436098448,0.31918559968471527
131,0.4564247956762035,-0.03077114187180996,0.17880065219805727,0.9470360924287541,0.9994626615745529,0.7127019963609074,0.3228007572001893,0.9995,0.7446541069524601,0.6153025926450387,0.7717056639264159,0.7855,0.4528866625429671,0.46934922957141295,0.3572511368127842,0.488,0.10092288889193231,0.051086147528331426,0.1033721582870456,-0.04911297204163563,1.0,1.0,0.9996994137763977,0.9848461747169495,0.9290584921836853,,0.4593809142734741,0.998056255115427,0.993361618337234,0.345,0.29919392519387494,0.7930520524772225,0.7908990074409172,0.6631323609303187,0.23956344394416715,0.6216617161981564,0.23956344394416715,0.20588701218366623
132,0.42984579783048027,-0.02807881124317646,0.20379046489221675,0.9449245732886896,0.9999937115198887,0.856911935874094,0.21597465749366437,1.0,0.6327488617804283,0.7552909560034128,0.6638189934547484,0.6965,0.4207133160341702,0.5342908582337865,0.3270694492673623,0.4235,-0.013394453263522479,-0.11480921440835129,-0.014988057611853208,-0.13772842672895996,0.8665,0.8665,0.9999884366989136,0.9753353595733643,0.9107127785682678,,0.4178308713795683,0.9999996148921526,0.9711398430954121,0.345,0.26490505275827525,0.7916787298877817,0.792167540414457,0.6712570222156521,0.1788831739318369,0.6084966166124319,0.1788831739318369,0.20868966728448868
133,0.4538771068706274,-0.02603684738278389,0.35884074997519183,0.9218870049754764,0.628620869452608,0.6596424308082085,0.4059918654979664,0.7485,0.7059496523006242,0.7441724698029483,0.5947241176810294,0.7155,0.583864703498908,0.6783556600101143,0.3798943219735805,0.4975,0.22708106343708223,0.1376024990239163,0.22732904992879993,-0.10703329517011864,0.8875,0.7545,0.9511150121688843,0.9651092886924744,0.9148029685020447,,0.638267283928241,0.8639325484755942,0.8702709155069703,0.29,0.4857004482084363,0.8251514415216725,0.8025302299886099,0.6839253762582446,0.22244011817582762,0.6335117914860886,0.22244011817582762,0.4122381955385208
134,0.1622906302213238,-0.47663071751594543,0.15204200988102712,0.6200581110924981,0.12847762311890235,0.3521492358877321,0.0633105668276417,0.208,0.19840158810772984,0.4212547199883057,0.10508854427213607,0.226,0.285891070999721,0.3626520593873154,0.044886671221667805,0.139,0.03863498466513907,-0.016284253802331145,0.03529194874286112,-0.05505678229468463,0.73,0.2045,0.8542519807815552,0.8530601263046265,0.799774706363678,,0.24048339415255732,0.21471107997959313,0.24080717156676917,0.13,0.2666579854276597,0.8015789908037393,0.7813681777934149,0.6977111516173261,0.347445059488349,0.6570258449257074,0.347445059488349,0.037065425887703896
135,0.5174175102103236,-0.019684918224811554,0.4819514174150439,0.9589796874825065,0.9999924813284665,0.8659315163505898,0.40055243813810953,1.0,0.7488052527104864,0.8145078170928652,0.7827765336941335,0.785,0.5120282644541326,0.6234081795100861,0.4420864675216169,0.5365,0.07085023714075203,-0.012131992439646818,0.06880003465900308,-0.09522350209808626,1.0,1.0,0.9999849200248718,0.9873056411743164,0.937926173210144,,0.43927065382960806,0.9999984187734687,0.9997082672689446,0.355,0.3021096138295843,0.8098574804291417,0.7669601275586938,0.6294289327943557,0.19022490840244258,0.5991178622961585,0.19022490840244258,0.3333265334367752
136,0.9983687521841604,-0.0012057328131049871,0.9999139238318855,0.9999999999999949,0.9999973285365703,0.9907735396321614,0.9368824187206046,1.0,0.9846375715009933,0.9887541797686554,0.983699579924895,0.958,0.9666827989816196,0.9733869760656644,0.9159521784880447,0.8955,0.9534619408777791,0.9435678858794215,0.954337492194071,-0.010714793517723753,1.0,1.0,0.9999940991401672,0.9993272423744202,0.9960976839065552,,0.9646232636711455,0.9999999968580837,0.9999998048632991,0.84,0.9564632909517651,0.9999024377374304,0.9995477679527148,0.99837595816033,0.9909859853759645,0.99720303730661,0.9909859853759645,0.9368128776550293
137,0.4315483049867149,-0.033477965742349625,0.4725044791874396,0.9326654709931081,0.5831716781130496,0.6071641855762475,0.38806560251640065,0.702,0.6731384311410668,0.6814508229918572,0.5622122155530539,0.6965,0.5501180892629871,0.6325660969247167,0.3518756004689001,0.4735,0.19974546874219087,0.11470411784347881,0.19520173674554675,-0.11942890858286087,0.8855,0.707,0.9518188238143921,0.9674796462059021,0.9248035550117493,,0.5789049234062078,0.8287833817230853,0.863512577050376,0.285,0.4343458039687556,0.83117014892944,0.7878737652703428,0.6656331820212859,0.2256420637230022,0.6275797899860177,0.2256420637230022,0.3904663026332855
138,0.9999999999997222,-0.0,0.9999999999974046,0.9999999999999949,1.0000000000000002,1.0,1.0,1.0,1.0000000000000002,1.0,1.0,1.0,1.0,1.0,1.0,1.0,0.9999999999991712,0.9999999999989292,0.9999999999991911,-1.9373391779708982e-13,1.0,1.0,1.0,1.0000001192092896,1.0,,0.9999999999999996,0.9999999999999989,0.999999999999999,1.0,0.9999999999999962,0.9999999999985578,0.9999999999981359,0.9999999999970457,0.9999999999999912,0.9999999999984326,0.9999999999970457,1.0
139,0.26633288894962015,-0.21922244131565094,0.1668653764661436,0.6362818864425709,0.24440794318166564,0.5018146019895916,0.16569185492296373,0.3605,0.3502343460879153,0.5866117720156935,0.19670180217545055,0.3945,0.39379959321170654,0.5144110122385711,0.1441937475484369,0.266,0.0910962611238937,0.018983359210144924,0.09222188179399751,-0.08135444001413387,0.771,0.364,0.8501430749893188,0.8556934595108032,0.8158575892448425,,0.39555349282281144,0.3819555543161189,0.4243184536118128,0.14,0.3552800670113105,0.8270265569103722,0.790725893886973,0.6993579389617175,0.3017697247100386,0.6547200286172754,0.3017697247100386,0.13958802819252014
140,0.9966426970215324,-0.001481465995311737,0.9990865973328241,0.9997767572661422,0.9993278751046328,0.9601755345724807,0.6306381511595378,0.9995,0.8928032410059606,0.9481887783762594,0.895079515769879,0.8785,0.793721112860067,0.8936149748589726,0.7083204195801049,0.718,0.778343959230807,0.7428675188286425,0.7776253216416474,-0.0353906121560259,0.9995,1.0,0.9998776316642761,0.9937358498573303,0.9764047861099243,,0.7738958583738894,0.999999567167235,0.9999979860261082,0.625,0.7912336989094969,0.9990292517701657,0.9965766628663243,0.9855216803568878,0.9837732459098125,0.9912252102257977,0.9837732459098125,0.776874840259552
141,0.46402904626708913,-0.015567608177661896,0.2962740081692867,0.9576266529930817,0.9987639184392093,0.8631622407279359,0.48252584013146005,1.0,0.780638996974847,0.8245868136744077,0.7979409059852265,0.7975,0.5714990183736173,0.669397564573672,0.4297421964355491,0.5325,0.15736355262813967,0.0891874826811199,0.1553601892979099,-0.07661040327092287,1.0,1.0,0.9992916584014893,0.984167754650116,0.9386240839958191,,0.5643418022326813,0.9987677164669931,0.9992457298710401,0.35,0.38974219784942116,0.7712070579733995,0.7756139319858524,0.6355855269948548,0.19462304692407775,0.5942573909695461,0.19462304692407775,0.34331706166267395
142,0.45683211550541325,-0.017616545781493187,0.3214219288926381,0.9626893845059044,0.9977625404776375,0.8447271270435208,0.3519470499867625,0.999,0.716409268004315,0.8022401190016472,0.750817471704368,0.7595,0.4910597896496934,0.6328161686718788,0.3874144508536127,0.497,0.13114633560643532,0.05012157680107507,0.13606722121851073,-0.08337868469199503,0.9985,0.9985,0.9994612336158752,0.986411988735199,0.9275462627410889,,0.4172416079200457,0.99867423135075,0.9915873419821696,0.34,0.34080343976893973,0.8028296736908281,0.7882637043166882,0.6232153533161028,0.19241139888755907,0.6016800325527945,0.19241139888755907,0.3164510726928711
143,0.29812623859042375,-0.1604505032300949,0.2817105987923122,0.7697958332782036,0.17594470198228163,0.32100852837653937,0.12614554503638625,0.33,0.2302441564065649,0.3735392756135135,0.2175736683934171,0.3275,0.1773116395787153,0.23847209701902092,0.015630704407676103,0.139,0.03239971590264624,-0.0073300973717723246,0.035050176666493835,-0.04289029818139754,0.705,0.3205,0.9471560120582581,0.9468610882759094,0.8756495118141174,,0.17362450598955842,0.31465036440937566,0.5078746361340033,0.16,0.18202900960889706,0.7618289320075499,0.7520043554256356,0.7126964848155979,0.29525677154761565,0.6304466359490998,0.29525677154761565,0.01639316976070404
144,0.020004446230716344,-0.6572268605232239,0.14647647430690658,0.614544830353419,0.09343010875792357,0.27791644469338284,0.035097095774273945,0.1505,0.146364612311508,0.3313299613225074,0.05405754451438613,0.156,0.23172642270499358,0.2808522748972932,0.013509465377366345,0.094,0.01558640080234081,-0.022940797530867058,0.009762087778062563,-0.04841648126698871,0.68,0.143,0.9122746586799622,0.9025636315345764,0.8509111404418945,,0.20659391053516632,0.1374325541990497,0.18405070374527321,0.105,0.20662253377250053,0.8392274808089629,0.8078612501772363,0.6837344333298851,0.3011114699672744,0.6579836585708397,0.3011114699672744,0.01750754239037633
145,0.9999999999997222,-0.0,0.9999999999974046,0.9999999999999949,1.0000000000000002,1.0,1.0,1.0,1.0000000000000002,1.0,1.0,1.0,1.0,1.0,1.0,1.0,0.9999999999991712,0.9999999999989292,0.9999999999991911,-1.9373391779708982e-13,1.0,1.0,1.0,1.0000001192092896,1.0,,0.9999999999999996,0.9999999999999989,0.999999999999999,1.0,0.9999999999999962,0.9999999999985578,0.9999999999981359,0.9999999999970457,0.9999999999999912,0.9999999999984326,0.9999999999970457,1.0
146,0.4651153035446161,-0.02000775933265686,0.6325124085077828,0.9463932969102925,0.6670175171624722,0.6720710641837132,0.4431712362928091,0.7885,0.7258616053296129,0.751416618846846,0.6490613102653275,0.7345,0.6008456808353471,0.6895877356607669,0.387619323904831,0.521,0.25013331024988256,0.16311610166459672,0.2553568201954819,-0.10041458959669214,0.903,0.789,0.956536591053009,0.9714424014091492,0.91939777135849,,0.6324049557321316,0.8790232888872075,0.8869987411010828,0.285,0.48278464415547373,0.8337174061870285,0.7961156346245579,0.6716180065358803,0.21794004676589454,0.6298477735283403,0.21794004676589454,0.43447795510292053
147,0.2540180116261939,-0.2625235617160797,0.19117622438952164,0.6455143402081951,0.3459696541606141,0.5256478081631111,0.17724405081101272,0.498,0.4474968609709186,0.6034214135353031,0.2827858771964693,0.495,0.43481214797359735,0.525423974091432,0.16239311859827965,0.323,0.08329251982608801,0.014662540331583948,0.0828095485283283,-0.0669785505734844,0.809,0.498,0.8976849913597107,0.9044203162193298,0.8745781779289246,,0.45462227956002677,0.5295632323282493,0.5495517973457708,0.175,0.3910763116914703,0.8419109618027185,0.7968511069760337,0.7106181055204113,0.291576218506353,0.6602390982013792,0.291576218506353,0.18852140754461288
148,0.9999999999997222,-0.0,0.9999999999974046,0.9999999999999949,0.9999986906118462,1.0,0.9445014006253502,1.0,0.9929801984354713,1.0,0.990636096159024,0.969,0.9808492133712167,1.0,0.9498555844638961,0.934,0.9982126331079664,0.9979786894879767,0.9982492789346447,-0.0002553291878257813,1.0,1.0,0.9999985098838806,0.9996756911277771,0.9983801245689392,,0.9853642876870654,0.9999999983349261,0.9999999813051926,0.92,0.973977267102795,0.9999999999985578,0.9999999999981359,0.9999999999970457,0.9999999999999912,0.9999999999984326,0.9999999999970457,0.9997836947441101
149,0.3401201625794162,-0.3995024859905243,0.22670045735045521,0.7174918902775304,0.38790710446089455,0.4927006442177536,0.22845691061422765,0.57,0.4326791344601196,0.5542079075228934,0.45301387575346896,0.547,0.3275925884901579,0.4522177353207714,0.14829465107366277,0.277,0.07512729111188693,0.021907596162240982,0.07110003071001413,-0.06317059168568426,0.7715,0.61,0.9643935561180115,0.9696903228759766,0.9010127186775208,,0.33548291638733996,0.5911928325434869,0.7608388586819984,0.24,0.32498280072885316,0.8127892938225414,0.8067418866481421,0.7062986597113237,0.2650338411147146,0.6477159203241805,0.2650338411147146,0.16501322388648987
150,0.3996784825900554,-0.06656605005264282,0.5008081462907181,0.9468518505010073,0.3025663772378678,0.44702126280825205,0.16064770016192503,0.4725,0.40083265641956234,0.5240198400462631,0.42824570456142613,0.5075,0.2531703991953789,0.34160264757377473,0.10110528277632069,0.2185,0.0372748907477431,-0.005728624476716363,0.03811882409373549,-0.06057736516700663,0.7285,0.49,0.957616925239563,0.9647872447967529,0.8850530385971069,,0.2662364616251068,0.49122727247376297,0.7792145835288845,0.215,0.2619704775888915,0.8168357156578014,0.7606121695683847,0.6634106505373352,0.2750398449254926,0.6289745951722535,0.2750398449254926,0.07169031724333763
151,0.4473895674310558,-0.026541434228420258,0.48867638863939256,0.9321675806932366,0.658085114296525,0.6463218751290585,0.4131772827943207,0.772,0.6910180562069433,0.7115200190779174,0.5936761289190322,0.723,0.5361475567332551,0.627774296363377,0.35653884063471014,0.4755,0.16153750768621225,0.05718041623992119,0.17644585821163172,-0.09281675272844239,0.898,0.7735,0.9566989541053772,0.970775306224823,0.9109395146369934,,0.5519357145479031,0.8456033658906984,0.8985402175597021,0.255,0.4277268272467942,0.8341489656598077,0.7922928400228625,0.6740356559984316,0.21389685889625906,0.6285935801443402,0.21389685889625906,0.3550903797149658
152,0.3430978047713209,-0.4173842668533325,0.20689509865096659,0.7265220564712631,0.7999870214928729,0.7062081764154211,0.4526023116505779,0.8815,0.6968414488320916,0.7252671454327498,0.7265973976493494,0.7455,0.464875039016988,0.5580315210391824,0.36903074175768547,0.4555,0.09076790699746952,0.04010659308342052,0.09257789724906948,-0.05367942442430568,0.9335,0.8855,0.9906384944915771,0.9853349328041077,0.9337484240531921,,0.44572986098760636,0.917399635579946,0.9821164900979272,0.35,0.312926470081689,0.8295787564337721,0.8046673345581102,0.6965732034674585,0.25549913393480905,0.6465796070985375,0.25549913393480905,0.2470199316740036
153,0.9928204352613703,-0.002307093935087323,0.9974579180557771,0.9995273146999595,0.9960810999922477,0.9271011906154054,0.555935619983905,0.9975,0.8380657583864847,0.9184193763999056,0.851490323872581,0.829,0.7202133107883081,0.8396610082039537,0.5730675862668966,0.674,0.6460655586090239,0.5913045779966197,0.6490337727858626,-0.05762395098851958,0.998,1.0,0.999631404876709,0.992697536945343,0.9639220237731934,,0.6804515780787697,0.9965543533648552,0.9996205864830833,0.44,0.645076110596752,0.9972195836646847,0.9926506958022858,0.9742552742819035,0.9653158686303772,0.9823603555948128,0.9653158686303772,0.6968021988868713
154,-0.012089891319511752,-0.08525705337524414,0.6942597874850539,0.04986403674994813,0.999999999999998,0.9999999999969188,0.9999999909999977,1.0,0.9999999999912598,0.9999999999959098,0.9999999939999985,1.0,0.9999999999826134,0.9999999999908432,0.9999999864999967,1.0,0.99999999989166,0.9999999998538281,0.9999999998973965,-3.461042563657202e-11,1.0,1.0,0.9999999403953552,1.0000001192092896,1.0,,0.9999999999789393,0.9999999999999989,0.9999999999999989,1.0,0.9999999999765096,0.9999999999985284,0.9999999999980664,0.999999999996411,0.999999999997961,0.9999999999977416,0.999999999996411,0.9999998509883881
155,0.3751165939853599,-0.10308663547039032,0.3658145214779407,0.3399695233167549,0.29220502687416294,0.5014705301124848,0.26677085619271407,0.551,0.3630988584998276,0.5702642517708435,0.4261759305439826,0.5285,0.3906996871825348,0.47076806139801997,0.20606699901674974,0.311,0.07831928318907026,0.022090301141907454,0.08177733479388505,-0.06838972399713406,0.7605,0.5585,0.9134090542793274,0.9358503222465515,0.8724908232688904,,0.3243659707516391,0.4672527650854392,0.7736638276595169,0.205,0.306479937235671,0.5698981613624987,0.561546206702266,0.5124594078287782,0.2525167954645651,0.4741051428395269,0.2525167954645651,0.18738391250371933
156,0.43677839797034945,-0.025836285203695297,0.529652130702031,0.9290036459047963,0.6253007431819405,0.6436912272450372,0.41009509252377313,0.7555,0.7076652531029355,0.7265196211082963,0.615538412384603,0.7245,0.5704568797340661,0.6678327310243589,0.37440477660119414,0.49,0.22654035004369585,0.14565746856028539,0.22281858413620861,-0.10340380884863432,0.887,0.745,0.9520418047904968,0.9673294425010681,0.9156971573829651,,0.6264670123337552,0.8627582472977495,0.8753731538808242,0.28,0.47836628625309013,0.8343886918820838,0.8066955177967005,0.677840657413723,0.22583129623452947,0.6361890408317592,0.22583129623452947,0.396595761179924
157,0.45814885436626257,-0.21523669362068176,0.2951868408122835,0.8908097654555275,0.5803668473308755,0.5515089075170857,0.3019218139804535,0.7445,0.4643395633139458,0.601201484747312,0.483805971951493,0.593,0.3262717123755915,0.45927561223462027,0.17681449570362393,0.32,0.09189844184149036,0.03128730563447625,0.09037913048739862,-0.05584409238127579,0.819,0.769,0.9842060208320618,0.974311351776123,0.9061535000801086,,0.28071490176744374,0.6504099426389646,0.8468066364278002,0.245,0.29552257215484284,0.8000956836260795,0.785171173759341,0.6438167601113121,0.2654573688644739,0.6236352465903017,0.2654573688644739,0.24458522349596024
158,0.45664241214282664,-0.026021378114819527,0.4623373081318802,0.9474034082740752,0.6285847397530884,0.6140237684542096,0.3704078036019509,0.754,0.6662917203389405,0.6904208684245838,0.5555951363987841,0.696,0.5308733784409362,0.6163693275761932,0.3108637152159288,0.462,0.14016507523097438,0.056179549873007474,0.13598814711952237,-0.07155408330248755,0.89,0.7485,0.9573261737823486,0.9704612493515015,0.9147241711616516,,0.5254716052807904,0.8296944522506133,0.870311510146103,0.26,0.4140310201711306,0.832670192399778,0.7834190011392624,0.6670964555769257,0.21665753398525994,0.6249607957753065,0.21665753398525994,0.3585789054632187
159,0.4762882214450446,-0.016113264486193657,0.39878949312485823,0.9629362435019195,0.9999934998269308,0.8838544868348736,0.42732455733113933,1.0,0.754286039816476,0.8342402161394149,0.7884375981093995,0.789,0.536538425507809,0.6538714732582604,0.44979632094908023,0.535,0.15215238202127496,0.06145113647904853,0.15562804666333502,-0.09401543057641139,1.0,1.0,0.999986469745636,0.9889422059059143,0.9409958720207214,,0.4685536159360122,0.99999969120337,0.9987658728701693,0.355,0.30452600166806437,0.8061166176982049,0.7893462117062485,0.6416608080074943,0.1795158991649875,0.6041598841442338,0.1795158991649875,0.32645171880722046
160,0.44271268606824793,-0.037559378892183304,0.4098530665808522,0.8836169461507037,0.5814244828817088,0.638038584465394,0.3941052475263119,0.713,0.6632211613736476,0.7210960869514201,0.575650415912604,0.6855,0.5488022156436202,0.6511544795340047,0.34813726053431515,0.462,0.20465092260362663,0.1260449104964297,0.20606262941564318,-0.09489165906481675,0.875,0.703,0.9458087086677551,0.9618756771087646,0.9082095623016357,,0.5926337497758878,0.828474850668316,0.834974595785289,0.27,0.4670573882975376,0.8308643297671998,0.8014397125288042,0.678422121369817,0.2336938315170389,0.636104998795715,0.2336938315170389,0.35944998264312744
161,0.4500904402840516,-0.016343263909220695,0.3258197024080437,0.9616174997592983,0.9999809842234214,0.8841223505192346,0.4336406044101511,1.0,0.7660734482180416,0.8339999049417106,0.8072237453059363,0.795,0.5268756125498512,0.6521069979528705,0.439855327963832,0.521,0.15079265192300384,0.06341780343552535,0.15290644789810207,-0.07871767617264559,1.0,1.0,0.999983012676239,0.9890078902244568,0.9378702044487,,0.4893049981220937,0.9999397256333605,0.9998632546613111,0.345,0.3071403151043033,0.8207444559969095,0.7714704325088119,0.6357425295805067,0.17554655437452688,0.6008759931151887,0.17554655437452688,0.344049870967865
162,0.47403978704869204,-0.01635700836777687,0.2803409422575971,0.9621224387169703,0.9999918572099588,0.8821472308261863,0.42898020674505166,1.0,0.7576688911157367,0.8327795326045105,0.7988891132222783,0.792,0.5389523677904283,0.6438340022254534,0.4471043422760856,0.5445,0.15275484546675985,0.06385426888645002,0.15771901906034702,-0.0926511162497029,1.0,1.0,0.9999841451644897,0.9884927272796631,0.9335262179374695,,0.46967771130486463,0.9999989607165651,0.9993955083533705,0.35,0.3065505413498627,0.732734518110859,0.7742435990750077,0.6444970012435629,0.17837677572601843,0.582462973538862,0.17837677572601843,0.33514003455638885
163,0.3853688908115384,-0.10067629814147949,0.1960670148980723,0.3359416398832396,0.5258571767957159,0.5504796937526991,0.3234550033637508,0.7145,0.5773658609182681,0.623828484019723,0.5681665375416344,0.652,0.4191923214729659,0.511074529700574,0.20489953822488455,0.355,0.08210450930120679,0.019552687495746637,0.0814368114345593,-0.05055034257966576,0.809,0.7195,0.9405224919319153,0.9593329429626465,0.9024609327316284,,0.4551093210867342,0.736774412139788,0.9071166535408175,0.24,0.42517617692116244,0.558853285679073,0.5712385018953399,0.44492809760900387,0.25215752632491883,0.4567943528770839,0.25215752632491883,0.19471662491559982
164,0.09428424996195171,-0.5096710324287415,0.1469749882293178,0.6183739440679086,0.07648673948680589,0.2653555534795062,0.0005937391484347871,0.1395,0.12289980184523007,0.3177979972267542,0.0927951171987793,0.1395,0.22903803005582937,0.2706192766998919,0.03846703711675928,0.086,0.026472960060196046,-0.016820832019896256,0.025278659944913497,-0.04570126481192916,0.718,0.1215,0.8656744956970215,0.8545953035354614,0.8209699988365173,,0.19687802312446642,0.11885502391238296,0.1440863219937968,0.065,0.212349429797418,0.7943143329620759,0.7751308533563442,0.6949710167656377,0.3643863164049013,0.6572006298722398,0.3643863164049013,0.014042051509022713
165,0.32964314003759726,-0.28758901357650757,0.19887494391805963,0.7042149216762422,0.39188001635962794,0.476767035745297,0.2203164535791134,0.5475,0.4824395357434807,0.5507164365418663,0.36064661866165465,0.556,0.3859817810805494,0.4853547446928772,0.2115659823914956,0.3385,0.08410744019225416,0.02705514720959023,0.08491936363243882,-0.06870281899387112,0.7855,0.5415,0.9687445163726807,0.9651268124580383,0.9167006015777588,,0.42208602399844714,0.6144250104959706,0.6860216937775219,0.23,0.319428937438188,0.8211454797137474,0.8040030178346493,0.7136522600310219,0.28090955817902874,0.6549275789396118,0.28090955817902874,0.20111384987831116
166,0.4763971562112082,-0.01706780679523945,0.5538068040945411,0.9639539680855019,0.9999927270321745,0.8816384377162825,0.44168008292002076,1.0,0.7643474094403385,0.8322684976275069,0.8016915684228921,0.7985,0.5395321177781865,0.6569996834715184,0.441308763827191,0.539,0.1502449897844695,0.05320626942381718,0.15955542729977507,-0.11086875879405556,1.0,1.0,0.9999851584434509,0.9883401393890381,0.9411488771438599,,0.4858033334781777,0.999998914156606,0.9997372411058637,0.345,0.2950202133579692,0.8077971815451892,0.7766530286185563,0.6378856101626652,0.173764835001272,0.5990251638319206,0.173764835001272,0.3489435017108917
167,0.19485552727974925,-0.1992030143737793,0.16815420399631267,0.6320546709916941,0.23954255727637755,0.49196919228902136,0.1317823859455965,0.37,0.3402727927600669,0.5696457810385398,0.14686031021507756,0.3895,0.37643603036740136,0.4991351703207822,0.1349652007413002,0.2435,0.06916112421112425,0.0005602745361457487,0.06970334275461469,-0.06071347025953027,0.768,0.353,0.8251953721046448,0.830963671207428,0.8001320958137512,,0.4066845802299375,0.35319388448087347,0.4216382236077717,0.18,0.3624501281998084,0.8382051241170541,0.804208122018082,0.7106457461487632,0.30426200470167547,0.6643302492463937,0.30426200470167547,0.11575614660978317
168,0.9999236602627107,-0.00020251175737939775,0.9998937083728959,0.9999999999999949,0.9999989039014417,0.997156234010572,0.9646752131688033,1.0,0.9911769089976786,0.9964327429021749,0.9898522484630621,0.963,0.9779011684880066,0.9921171802032334,0.9399334329833583,0.918,0.9863438427354988,0.9812677624328123,0.9866169955135051,-0.0045436064045139,1.0,1.0,0.9999984502792358,0.9995723366737366,0.9977016448974609,,0.980037025092312,0.9999999991222187,0.9999999840380853,0.94,0.9772440976140011,0.999913131956839,0.9995964967510325,0.9988124792013495,0.9987869153629433,0.999277255818041,0.9987869153629433,0.9621518552303314
169,-0.01202710386697494,-0.08889617770910263,0.7448882898032321,0.0428830340777193,0.9999999999999989,0.9999999999969973,0.9999999849999962,1.0,0.999999999991595,0.9999999999958797,0.9999999984999997,1.0,0.9999999999841227,0.9999999999909642,0.9999999819999955,1.0,0.9999999998936917,0.9999999998583426,0.9999999999014022,-3.507438783856287e-11,1.0,1.0,0.9999999403953552,1.0000001192092896,1.0,,0.999999999981033,0.9999999999999989,0.9999999999999989,1.0,0.9999999999776434,0.9999999999985273,0.999999999998066,0.9999999999964054,0.9999999999980068,0.9999999999977515,0.9999999999964054,0.9999996423721313
170,0.3599249317035114,-0.0650186762213707,0.5044640833122946,0.948316390497507,0.3226116878083785,0.43759118124301205,0.210087192021798,0.489,0.392359331214454,0.5112433280772976,0.4278242464560616,0.5025,0.25027644539123484,0.3200439962110841,0.07495351273837818,0.2225,0.032494335942054454,-0.015347816803906528,0.03358429087720739,-0.05512154838248454,0.7205,0.4795,0.9593526124954224,0.9660181403160095,0.8864598274230957,,0.24789467194190637,0.5363923401060752,0.7916208277782176,0.205,0.2520960939766255,0.8046914692384763,0.769977111037426,0.6672543038860865,0.2763922306230296,0.6295787786962546,0.2763922306230296,0.0603215079754591
171,0.4568304474006821,-0.016505466774106026,0.4821546195885222,0.9624895584803383,0.9999904487700075,0.8839737867658508,0.44730477982619493,1.0,0.7718374431403999,0.8369809098599983,0.8146750226687557,0.803,0.5344550963962784,0.655607920034715,0.4476425259106315,0.537,0.15194062898104113,0.08113462657459244,0.14086555809255355,-0.09107947230011236,1.0,1.0,0.999983012676239,0.9890424013137817,0.9419460296630859,,0.5131749115008698,0.999994746201036,0.9983969627523116,0.35,0.3108829499176911,0.819333906927707,0.7780691290037915,0.6342611093881296,0.17422001642032967,0.6014710404349894,0.17422001642032967,0.33799993991851807
172,0.4732060158117699,-0.016023587435483932,0.23967847836834635,0.9610482042773586,0.9999924777818945,0.884158531830949,0.4097705269426317,1.0,0.7623790058940167,0.8344659198083975,0.7963794835948709,0.7935,0.5420550951675416,0.6551806086159356,0.4164470526117632,0.5345,0.1504034071264504,0.07225831201284466,0.14532444966298902,-0.0929870030113185,1.0,1.0,0.9999778270721436,0.9878730177879333,0.9374023079872131,,0.48965229213515243,0.9999995900628345,0.9995342246978954,0.345,0.3030835336958932,0.8235181749781428,0.780158446760433,0.6332168999524531,0.17523955196664912,0.6030332684144195,0.17523955196664912,0.32894180715084076
173,0.45146194770117937,-0.032106462866067886,0.40094157859212737,0.9318765880093146,0.5873676890983012,0.6263813678640383,0.38049663662415917,0.7255,0.6655317159277095,0.7026150635827921,0.5745911831477958,0.698,0.5619944803623848,0.6452722759146897,0.3389658892414723,0.4895,0.19674730371879603,0.12161988793900182,0.19199037815143416,-0.08273414613656463,0.8725,0.702,0.9512686133384705,0.9673606157302856,0.9224873781204224,,0.5750103969459397,0.8265458892619924,0.8573343063249542,0.28,0.4532023946101957,0.824308892805154,0.7915823840211202,0.6704344880277567,0.2280795548242237,0.6286013299195636,0.2280795548242237,0.40639628469944
174,0.9998222505273084,-0.0002519211557228118,0.9964950857243454,0.9999999999999949,0.9999931834576271,0.9824713466870287,0.8144341181085295,1.0,0.9600325132544347,0.9797128488316285,0.9578120664530166,0.9185,0.9311303426854356,0.9749523153783207,0.8419519954879988,0.836,0.9698516244785708,0.9632504972069712,0.9704654134865613,-0.006873674207479863,1.0,1.0,0.9999876618385315,0.9978917241096497,0.9920856952667236,,0.9241327699096027,0.9999999906589867,0.9999996583141767,0.74,0.9200963362660782,0.9998263746733503,0.9992814349304847,0.997805048890803,0.9918408978933486,0.9971884390969967,0.9918408978933486,0.946803092956543
175,0.4337591907387817,-0.028816312551498413,0.3370080074936344,0.9451185043759605,0.9999935271667949,0.8496269311072552,0.22594588898647225,1.0,0.6401357388210489,0.7537573057908178,0.6785440006360002,0.706,0.432168686768654,0.5388562745681363,0.3461898580474645,0.432,-0.020336435251740344,-0.126711765876391,-0.02402704483306308,-0.13505995240165578,0.852,0.852,0.9999889731407166,0.9770709276199341,0.9049926996231079,,0.40018069114400817,0.9999996530958633,0.9782717601422719,0.345,0.2722202677568722,0.7699919880960424,0.7775281415611904,0.6635915851559455,0.1789963623259241,0.5975270192847756,0.1789963623259241,0.18900760263204575
176,0.14001003199827197,-0.46879252791404724,0.15086066315494961,0.6194679488802162,0.10934325980584429,0.33573254269742797,0.05270681217670305,0.162,0.16917708499213183,0.3947546915487234,0.08074585418646354,0.1735,0.27133493930596925,0.3470162230267634,0.09121859580464894,0.1055,0.029920905340946793,-0.015921017020560473,0.024768723224257952,-0.047628735945716136,0.727,0.155,0.8055616021156311,0.8046020269393921,0.7619279623031616,,0.24326633454309868,0.1563995705271743,0.19459707250799316,0.095,0.2549959725422562,0.8137672169348443,0.7895218554471063,0.7055972236316032,0.35500140651324286,0.6659719256316992,0.35500140651324286,0.02876693569123745
177,0.38556891530868675,-0.06694427877664566,0.4819894950301359,0.9467351846191676,0.29833747298371543,0.43610972111461455,0.224021516005379,0.4765,0.3878647540830293,0.5154011213483946,0.4085028406257102,0.5015,0.2446288029884014,0.32346410557069777,0.0774575203643801,0.213,0.03580800210343621,-0.009158910409497536,0.034447536161609935,-0.054374779570043004,0.7235,0.4865,0.9580743908882141,0.9661410450935364,0.8758001923561096,,0.23807119015337275,0.5182141487238878,0.7806823708414253,0.19,0.2274988337164698,0.7844987901356257,0.7814090589942387,0.6653983819104493,0.274254018697324,0.6263900624344094,0.274254018697324,0.07774458080530167
178,0.47709249084214383,-0.01691249944269657,0.4641847638656229,0.9637815544370162,0.9994275976573964,0.879768321104455,0.4383482460870615,0.9995,0.759252870302663,0.8329541058339116,0.8092083988020997,0.786,0.5407166905246844,0.6498441991663046,0.44489409172352296,0.541,0.15494187992793365,0.06980221987632387,0.15852017356437212,-0.09002426299972599,1.0,1.0,0.9999700784683228,0.9885846376419067,0.940625011920929,,0.4804983745460387,0.9971823324873192,0.9997486771146171,0.345,0.3080753653754274,0.7807691802368727,0.7649041519639949,0.6316700143017935,0.18054352366655815,0.5894717175423048,0.18054352366655815,0.3272737115621567
179,0.30924194534673327,-0.5898155570030212,0.17813841325938584,0.676435731942231,0.6038403296046735,0.6896421057242705,0.42197946949486737,0.7385,0.6092706448457301,0.7324114026807699,0.6344824196206049,0.6845,0.37220769102319673,0.537669810031279,0.29221019505254875,0.387,0.09253315408962978,0.020561350908316792,0.09303369895473715,-0.0807917222203653,0.869,0.72,0.9800970554351807,0.9802687764167786,0.9202975630760193,,0.41813078064405496,0.8214354100746282,0.9383208790357285,0.3,0.27859836626132023,0.8331809284038707,0.8002910417644645,0.7111499594974302,0.260365527764813,0.6512468643576446,0.260365527764813,0.16618724912405014
180,0.48515652773646495,-0.018348954617977142,0.4890202769868129,0.9605293240435244,0.9999931429200253,0.8711278319739995,0.3892090453022613,1.0,0.7486157168240757,0.8143497952417657,0.7785182381295596,0.789,0.5025938104576626,0.6240095784933561,0.45621585005396253,0.539,0.07685935975351901,-0.0005235831072553024,0.08957536436133656,-0.08625738386673784,1.0,1.0,0.9999874830245972,0.9873235821723938,0.9388818740844727,,0.4384852327603776,0.99999955568975,0.9997154282398295,0.35,0.2967621689941228,0.8292404180859478,0.7811071712628884,0.620687057268051,0.18336307367972704,0.6035994300741536,0.18336307367972704,0.30497972667217255
181,0.9064076667746525,-0.1671750396490097,0.495184493080854,0.9325400535526917,0.7087933528727405,0.5971393990480918,0.3422189535547384,0.8245,0.5035266684509807,0.6286017294021639,0.5401374795343699,0.63,0.3011947299587396,0.48697739688431674,0.13060871515217878,0.3015,0.15563493361705832,0.09609389814454058,0.16227479982428433,-0.06991454370467853,0.8525,0.8705,0.9881082773208618,0.9793066382408142,0.9025223851203918,,0.3350383397658228,0.8357307271539156,0.9179884542180197,0.255,0.278232332921776,0.9779340160472315,0.9572231365527237,0.8965994109316299,0.7168496144314339,0.8871515444907547,0.7168496144314339,0.32777146995067596
182,0.9984473632173628,-0.0009065920021384954,0.9999821412436852,0.9998667622165331,0.9999611426093953,0.9661856890008246,0.6837793994448499,1.0,0.9083059242889113,0.9568995712361831,0.909805383951346,0.882,0.8582339185183253,0.920601292500241,0.7350621472655369,0.759,0.8543014002194654,0.82775017981488,0.8569450341866112,-0.031192575926930033,1.0,1.0,0.9999598860740662,0.9953981637954712,0.9811681509017944,,0.8060747125622708,0.9999993790028666,0.9999840987015153,0.65,0.8248976676172184,0.9999999999985578,0.9999999999981359,0.9898178753114617,0.9866429874457071,0.9941152156884656,0.9866429874457071,0.8713305294513702
183,0.24188383003634928,-0.2147735059261322,0.17185208488115117,0.636531302598225,0.2608098708523536,0.498539358741118,0.15657526814381703,0.3845,0.35595450971723247,0.581608334905068,0.22309655577413895,0.3985,0.39749806553445755,0.4974764669877139,0.16206641851660464,0.2815,0.07456499289286381,0.012067438431261419,0.06925693019530353,-0.08264906280699644,0.7725,0.377,0.856726884841919,0.8666706085205078,0.8241627216339111,,0.3965800021007173,0.40620419981151373,0.45424159697798666,0.16,0.36172092743261575,0.8246742402474484,0.7937079041965022,0.6994256818689344,0.29660525780671637,0.6536032710299003,0.29660525780671637,0.12945208698511124
184,0.29138159727709106,-0.2651697099208832,0.18948085192361358,0.6449971353122125,0.3481893989086676,0.5234550242894634,0.22556035739008934,0.5055,0.4600858778444221,0.6035574738541278,0.2946655171663793,0.5075,0.4334651402741597,0.5216814194250158,0.19449006812251704,0.33,0.09117717843525365,0.030662684675714924,0.08677133236279513,-0.059131628873567946,0.8105,0.482,0.8983883261680603,0.9078893661499023,0.8596329092979431,,0.4598069074175789,0.54692181337615,0.5973486075206664,0.215,0.3830116229141578,0.8397375615461886,0.7951465626393802,0.7095378548091176,0.2946339961584595,0.6597639937882865,0.2946339961584595,0.19293447583913803
185,0.9988230125020243,-0.0006573023274540901,0.9999968891676451,0.9998573409378226,0.9999181628646199,0.9651389193950282,0.6877247334311833,1.0,0.9063200574403226,0.9572827207607258,0.9126096226524056,0.8805,0.8510697360675088,0.9201734978942357,0.7005420101355025,0.761,0.8609467625763937,0.8389912453479815,0.8630648850820537,-0.023466709753844683,1.0,1.0,0.9999517202377319,0.995441734790802,0.9787946939468384,,0.7934772710783973,0.9999998134085692,0.999996902075942,0.625,0.8070773881981843,0.9999999999985578,0.9999999999981359,0.9999999999970457,0.9847923606633076,0.9961980901642618,0.9847923606633076,0.9005689918994904
186,0.0623393385318955,-0.512332558631897,0.14290339734900237,0.6188544967467394,0.08429337340742768,0.2662161640712178,0.04741125285281321,0.1495,0.13353859244098307,0.31922137953840984,0.03906515926628982,0.149,0.21611622598178817,0.2705219163775051,0.04554108088527022,0.1035,0.0165284561658927,-0.022873769742129044,0.013722958575679576,-0.05883146087556679,0.706,0.1325,0.8918512463569641,0.8801718950271606,0.8296447396278381,,0.19834104629022378,0.13689667442717124,0.16177128156809464,0.07,0.20191197046807696,0.7696864632505293,0.7446042974872437,0.6851455241786183,0.3578411680716271,0.6393193632470046,0.3578411680716271,0.007883710321038961
187,0.4766762085802169,-0.017137356102466583,0.44685211157170535,0.9609936619979755,0.9999655704444502,0.8358399659186083,0.34358829789707446,1.0,0.7642247537276293,0.5295658323976842,0.7969586127396532,0.798,0.5284408671818992,0.39650067274806644,0.44977764744441184,0.5405,0.08026068684055516,0.01621582611116617,0.07919352706212571,-0.06417789184677546,1.0,1.0,0.9997956156730652,0.9797413945198059,0.9136832356452942,,0.48373660614672304,0.9998880951568335,0.9994079952193173,0.35,0.3058772863731974,0.8242723453384374,0.7863532765421514,0.6289321729856652,0.22931174197293652,0.6172173842097977,0.22931174197293652,0.253403976559639
188,0.4672292194863756,-0.016399933025240898,0.3732406882210142,0.9628544368303779,0.999991894765446,0.882417215390399,0.4207647091911773,1.0,0.7663504849216689,0.8339841749366979,0.7972168543042136,0.7965,0.5423529513165583,0.6578342682675893,0.4571978642994661,0.526,0.15471470854151131,0.0655156635773668,0.15646701663510176,-0.08005313156344572,1.0,1.0,0.9999862909317017,0.9891266822814941,0.9398172497749329,,0.5069947631427387,0.9999984969395123,0.9988064553920977,0.345,0.2985761089566198,0.8216418354898958,0.7669512259264842,0.6316847801023018,0.18029521684147623,0.6001432645900395,0.18029521684147623,0.3550529479980469
189,0.459933692691235,-0.08334697782993317,0.3056088331904906,0.9269597164377745,0.6436362464363978,0.5604278292350877,0.40346635236658807,0.76,0.6522912087872481,0.625406542814779,0.5702164725541181,0.7005,0.43968321422625817,0.5516286301771214,0.30228740007185,0.443,0.11087339135139387,0.039725653483482365,0.11411897376405628,-0.06715769234868363,0.8655,0.7545,0.9850074648857117,0.9788978099822998,0.9314369559288025,,0.45120682329980527,0.8558791808290859,0.9456270361085541,0.305,0.35177361889289865,0.7867739217459128,0.7774041390482671,0.6527787426685209,0.24449983304143472,0.6153641591260339,0.24449983304143472,0.3353264331817627
190,0.4851240337472444,-0.03935452178120613,0.487651100125859,0.9513103413131174,0.9999390813078323,0.8060281633260898,0.34519493029873255,1.0,0.7008216432417094,0.7420794592537265,0.7274428983607246,0.7575,0.40227355185579367,0.4994700112207417,0.30054436813609203,0.423,0.10703204981276469,0.04562646461388898,0.1024244727225743,-0.06557737220035137,1.0,1.0,0.99997878074646,0.9843154549598694,0.923193097114563,,0.37876524734195305,0.999783662882665,0.9937787453638428,0.34,0.27427724694609296,0.7834243993350295,0.7722882834081506,0.6130717152614609,0.22437933272355293,0.5982909326820485,0.22437933272355293,0.24855588376522064
191,0.49466263335030614,-0.016920993104577065,0.34409365741262693,0.9617328793152098,0.9999912977487991,0.8794205734208289,0.41462451465612865,1.0,0.7689000084034505,0.8323740484810312,0.8002996340749086,0.7985,0.5473649792433638,0.6489218488742082,0.45387274896818725,0.537,0.14976336292478742,0.07102199096212286,0.15613386233094323,-0.09711406344782625,1.0,1.0,0.9999804496765137,0.9880035519599915,0.93756502866745,,0.5046703235361764,0.999998117546589,0.9999283380612352,0.36,0.3101293008969888,0.7725555009952122,0.7649772931080254,0.6391546656043852,0.17462258851739595,0.5878275120562546,0.17462258851739595,0.3572963625192642
192,0.46559937656211636,-0.016382522881031036,0.37317290466203806,0.9628119821573151,0.9999930224788294,0.8828096057954264,0.42360922890230723,1.0,0.7681131800375577,0.8346625192676966,0.8015027393756848,0.791,0.5467866797172326,0.6577725724578077,0.45682807220701804,0.5375,0.1545444964360461,0.06918214682849676,0.1574482907957811,-0.07585810171367972,1.0,1.0,0.999984622001648,0.9889195561408997,0.9396992921829224,,0.5050562469295021,0.9999993655217914,0.997350616099168,0.345,0.2993674469211116,0.8216418354898958,0.7669512259264842,0.6316847801023018,0.17967109264776798,0.5999872335416124,0.17967109264776798,0.3546816408634186
193,0.8644944774157848,-0.18618831038475037,0.45539280504580076,0.9282463394739552,0.9250328947565164,0.7007799160170484,0.47935433983858494,0.957,0.7094104490303357,0.7291528327397944,0.7273317468329367,0.7615,0.4512062867049315,0.5788025079608021,0.35090134572533643,0.4705,0.16063324893306927,0.10251509892244358,0.17112035705004222,-0.07226238393339339,0.9625,0.974,0.9966797232627869,0.9850595593452454,0.9316455721855164,,0.45572658264878835,0.9743548901222884,0.9918210754694219,0.305,0.36510049548768303,0.9612251447880067,0.9674106578430949,0.9198711722912326,0.7585461444492929,0.9017632798429067,0.7585461444492929,0.3673616945743561
194,0.4010115234676825,-0.09711133688688278,0.31235683892772215,0.798853265874557,0.47040892432189413,0.5702545643407753,0.3150562132640533,0.6075,0.5691281467163043,0.6412906016955271,0.4609464792366198,0.6045,0.48386369433228504,0.5854040407977897,0.2932280023070006,0.404,0.1606067084486954,0.07543095530617695,0.1588661895197187,-0.10240640783242261,0.8475,0.6035,0.9450748562812805,0.954493522644043,0.9100337624549866,,0.4948292619684763,0.7368580191802536,0.7601573663352018,0.285,0.39356081632003037,0.8283147799183939,0.7987090780546722,0.6924612168520912,0.24315615731687396,0.6406603080355078,0.24315615731687396,0.3223099112510681
195,0.9999441915934321,-0.00017284703790210187,0.9998669691391409,0.9999999999999949,0.9999988030334809,0.9960026859714727,0.9512163653040914,1.0,0.9888144283071131,0.9952260393634826,0.9873651788412947,0.96,0.9729649255807269,0.9899348311887393,0.9294488218622055,0.901,0.9854165340071848,0.9800295770496623,0.9859389809406153,-0.004806936750429203,1.0,1.0,0.9999979734420776,0.9994266033172607,0.9971641302108765,,0.9734149471230052,0.9999999987486136,0.9999999734604885,0.91,0.9730450517869231,0.9999203531335438,0.999588294691547,0.9987402480518783,0.9983816314515743,0.9991576318321359,0.9983816314515743,0.9619144201278687
196,0.43287333959707425,-0.20764917135238647,0.3081126111476055,0.8926258339983446,0.7148558909540093,0.5785821200591014,0.349644619911155,0.8265,0.5282178615519681,0.6168343990954949,0.5450655837663959,0.626,0.29384739494636564,0.4732167489607008,0.20800038100009524,0.327,0.0892507962162553,0.02708365544919475,0.09105565851439829,-0.06663960274314143,0.8405,0.8495,0.9865624308586121,0.9777834415435791,0.9160820245742798,,0.34060998550286864,0.8359988591402292,0.9287868936344397,0.29,0.3305631284865132,0.7985639446321354,0.7844820992119487,0.6671082297674413,0.26280154501325503,0.6282389546561952,0.26280154501325503,0.24321986734867096
197,0.31175554700154956,-0.21319985389709473,0.19637443705893481,0.6630263195657443,0.3407337972394057,0.5283150018096705,0.19732255633063908,0.4775,0.4509544086675394,0.6028501870264638,0.3128970047242512,0.496,0.4184631153033879,0.512573684722522,0.1875211443802861,0.31,0.10512075086935811,0.04582278061404067,0.10537299561844223,-0.07352244484190228,0.791,0.4635,0.9103332757949829,0.9224157333374023,0.8709896802902222,,0.46338818199599674,0.5275637540329259,0.5614239097480644,0.215,0.366679710695535,0.8371980509909364,0.8067353907083101,0.7154968328005303,0.28761192658896734,0.661760550272186,0.28761192658896734,0.18966436386108398
198,0.9997071980158965,-0.00021700655634049326,0.9998491293041629,0.9999999999999949,0.9999932283777933,0.9913620499256794,0.9046902506725627,1.0,0.9806487384725592,0.9904975407717465,0.9794076888519222,0.952,0.9659363416531621,0.9870185626441698,0.9105818696454674,0.898,0.9807953740857622,0.9756381417375644,0.9809208163914582,-0.0057966685579855515,1.0,1.0,0.9999969005584717,0.999119222164154,0.9959847331047058,,0.958170316041726,0.9999999936805004,0.9999999667300897,0.86,0.9519040492820565,0.9998581009112336,0.9994709717314019,0.9984503584432568,0.996873229567532,0.9986631651633561,0.996873229567532,0.9561488330364227
199,0.49398905414468847,-0.016225310042500496,0.37102672149528787,0.962202420965082,0.9998647457995286,0.8850821332369779,0.4382537220634305,1.0,0.7689508560940814,0.838189699552711,0.8129771767442941,0.7945,0.5358082465201545,0.6540741912154134,0.45524521331130335,0.546,0.1584972623081036,0.07989906609874954,0.15751678482401138,-0.08281248401116903,1.0,1.0,0.9999727010726929,0.9891319274902344,0.9369641542434692,,0.5046391980710931,0.9993885748335273,0.9999117503903738,0.35,0.31302634506625954,0.7892476113469831,0.7816464252151204,0.6340877278664456,0.1810897105760882,0.5965178687511593,0.1810897105760882,0.3518001139163971
200,0.46674607253336237,-0.01702551171183586,0.3985294599295982,0.9622615151734167,0.9999857735731355,0.8828138532580009,0.43727957381989346,1.0,0.7656915383366378,0.8347134449644414,0.801364059841015,0.8065,0.5248286415566892,0.6564459646181996,0.4482338260584565,0.533,0.1488044765751849,0.05390192492996767,0.1542552143041069,-0.09488938347834544,1.0,1.0,0.999980628490448,0.9887814521789551,0.9369180202484131,,0.4869831384478435,0.9999631602831278,0.9994935099365296,0.36,0.30504491321932087,0.8031040917197982,0.7747351946949228,0.6415669767115834,0.18199861419152252,0.6003512193294568,0.18199861419152252,0.3377213478088379
201,0.36064765984583763,-0.11044272035360336,0.24398552840095122,0.7352660138297022,0.4445358408479421,0.569303383485368,0.2894294703573676,0.5945,0.5510628345017905,0.6458078405529517,0.4231827772956943,0.587,0.47466691498763947,0.576389872566295,0.2527259956814989,0.363,0.14419726433666935,0.06662566995528649,0.14517017517975606,-0.0827656059113774,0.83,0.5745,0.9273738861083984,0.9408228993415833,0.8874255418777466,,0.52815293013486,0.6749613606182554,0.7058329592987131,0.28,0.4135294431042614,0.8383865731164991,0.7947231608369937,0.6977913075198217,0.25212775277497146,0.6457571985620715,0.25212775277497146,0.2752525508403778
202,0.24106209023728817,-0.4420792758464813,0.1737041643970917,0.6377624213086482,0.27571874730451057,0.4155950799855761,0.17904698676174668,0.4255,0.3703224443187989,0.48536886002622714,0.23493768773442195,0.448,0.34272721603987594,0.4328321668163718,0.14443067410766852,0.26,0.07029510283096413,0.02735634134033087,0.06523253834721451,-0.05118670619098882,0.7465,0.4085,0.9562329053878784,0.9521673917770386,0.905056893825531,,0.3512466754198856,0.4194621640730043,0.5254140862976721,0.19,0.3194721420782932,0.8465851423620682,0.8063378129711616,0.7006691025206228,0.29311814414892773,0.661677550500695,0.29311814414892773,0.11939069628715515
203,0.9982980023341034,-0.0009259162470698357,0.9987554643991933,0.9999999999999949,0.9999923917653186,0.9907306073774627,0.8743421395855349,1.0,0.9648831469685044,0.9876532155814369,0.9656253359063339,0.932,0.9256467217015506,0.9730749521805669,0.8474328693582174,0.8335,0.901635789776983,0.8892845437998871,0.903507432566905,-0.016909868535321393,1.0,1.0,0.9999778270721436,0.9982106685638428,0.9913410544395447,,0.921292151214191,0.9999999592386244,0.999999454049065,0.785,0.9073422724370709,0.9991119317217925,0.9988724224802416,0.9972161490881706,0.9937141477332309,0.9972286627558589,0.9937141477332309,0.8731568157672882
204,0.2245601334196125,-0.32668018341064453,0.1597791197446419,0.6271616416808785,0.18593930211749754,0.4407410235146548,0.1011709767927442,0.286,0.26824819030611746,0.5158841142172551,0.15157339539334885,0.3015,0.3501433500026624,0.4545682933549488,0.09798925099731275,0.208,0.04902317118024038,-0.0037193892954141107,0.047674565312732634,-0.049348128101964414,0.734,0.2765,0.8248372673988342,0.8296223878860474,0.7858750820159912,,0.31960198296537456,0.28100792741410346,0.3469226278458586,0.155,0.3169363883861646,0.8158283367827975,0.7933632484222151,0.7056439698537519,0.3231962268786287,0.6595079454843482,0.3231962268786287,0.08690321072936058
205,0.9937134239196728,-0.0021334595512598753,0.9967954717515903,0.9995966176108576,0.9981211464784816,0.9346032675912098,0.5835061563765391,0.999,0.8489446515293126,0.9236829397384381,0.8574792538698135,0.837,0.7396468503710718,0.8567839402001816,0.6074622378655594,0.6745,0.6647175897356496,0.6134539121148178,0.6692599260822738,-0.04842455697321013,0.999,0.9995,0.9996247291564941,0.9929118752479553,0.9681093096733093,,0.6824900238756791,0.9999904037472572,0.9999106207897804,0.51,0.6745289167753603,0.9969308165834206,0.9950223277911685,0.9784036428622388,0.9691638332654975,0.9848801551255814,0.9691638332654975,0.7218632996082306
206,0.41467608937216754,-0.09809175878763199,0.3267906034014871,0.7975392567141765,0.46706365542112904,0.5642701742534854,0.26598061249515315,0.609,0.554928802978925,0.6332283764836013,0.4243291930822983,0.595,0.4403761714363175,0.55006639390544,0.2445340976335244,0.379,0.11536054612532501,0.04391128467160143,0.11360322342173465,-0.0753083611934876,0.8285,0.5975,0.9397891759872437,0.9488130211830139,0.9016303420066833,,0.4802668674830487,0.6919755257650473,0.7427405458285362,0.24,0.37047442963571686,0.8200584884484271,0.7939380381068247,0.696526491465736,0.24328986145299655,0.638453219868496,0.24328986145299655,0.2848678082227707
207,0.45150281456459346,-0.015556203201413155,0.3222840298879006,0.9584030174314123,0.9987409648953225,0.8615428388010946,0.45455002013750506,1.0,0.7761596105898821,0.82311968850908,0.7921983795495949,0.794,0.5922340899073918,0.6649108930472332,0.4523651270912818,0.5535,0.1572541720110076,0.08193444140885932,0.16006563918760702,-0.07454339430008505,1.0,1.0,0.9992091059684753,0.9846709966659546,0.9337800741195679,,0.5418700686672699,0.9990245774520413,0.9986299820174136,0.365,0.4008216694592965,0.8210400413665931,0.7827970845335396,0.6416005318045275,0.19683821320550723,0.6105689677275419,0.19683821320550723,0.35161247849464417
208,0.4746403182459051,-0.016025297343730927,0.23943333887705343,0.9609402048876514,0.9999639502784256,0.8671561220311971,0.2981784460446115,1.0,0.735460871314896,0.8178042093237807,0.7601945440486361,0.783,0.49171228330231215,0.6427683096784037,0.4056985044246261,0.5145,0.13685216982538026,0.0588872542133086,0.1359155027130196,-0.0774191332197981,1.0,1.0,0.9999556541442871,0.9861434698104858,0.935255229473114,,0.45349977623937965,0.9999975897952925,0.9972087367797534,0.34,0.32813627648543914,0.8235181749781428,0.780158446760433,0.6281012851678284,0.17572040724150678,0.6018745785369778,0.17572040724150678,0.32189516723155975
209,0.4842620480861738,-0.07383794337511063,0.2385201359014134,0.9205896637494635,0.9998346653250477,0.81336016622601,0.4679310194827549,1.0,0.7471567451938291,0.7890642854638708,0.787096956274239,0.789,0.4964381332094015,0.6118139762391865,0.4052114948028737,0.499,0.1444336486060988,0.07828570154571762,0.14755561229189373,-0.08162435184052888,1.0,1.0,0.9998941421508789,0.9881566166877747,0.9399539232254028,,0.4752017912033592,0.9999128539787743,0.9952908955988338,0.35,0.32416104987484273,0.8266734402389179,0.7718272719233489,0.643894748231924,0.21717133388355192,0.6148916985694357,0.21717133388355192,0.34443655610084534
210,0.9721066032408135,-0.01129910722374916,0.9917199374168137,0.9881566035484043,0.997053522821793,0.9040871597436813,0.586846588211647,0.999,0.8403468840085437,0.8990459189073206,0.8599772134943033,0.8375,0.7244385034500647,0.8404607709266603,0.5770405667601417,0.657,0.6492814909307213,0.6034512160117106,0.6480394256559325,-0.04965772027898008,0.999,1.0,0.9998095035552979,0.9920774698257446,0.9657893180847168,,0.66681764049928,0.9999738709873032,0.9999563116411011,0.53,0.6766493904476475,0.9849595945888477,0.9707852153449632,0.9518997886400192,0.9551182533881651,0.9656907129904988,0.9518997886400192,0.70064777135849
211,0.15266902910122848,-0.42118462920188904,0.16611349955852675,0.6341384540611117,0.2253281227091026,0.3817646585451132,0.10536070434017608,0.3505,0.3018034594341809,0.4495809213050843,0.2013576683394171,0.349,0.31507494438744016,0.39262203285418995,0.08845699011424753,0.2205,0.04873736172485479,0.002682426260945784,0.05101899962151689,-0.05330397202935266,0.7155,0.3305,0.9451205730438232,0.9426136612892151,0.8795027136802673,,0.34031083159071346,0.3126035178047711,0.4166036238819105,0.2,0.30343551095090215,0.8393001411138137,0.8111815232794217,0.690424225180134,0.28344427731712435,0.6560875417226234,0.28344427731712435,0.07587769627571106
212,0.3785182860462095,-0.1012272834777832,0.2719042352746641,0.745226807457389,0.4563158968727011,0.5640237160959792,0.2614424948606237,0.6025,0.5337374491158556,0.636890078285937,0.42387983046995764,0.5765,0.44222695083769314,0.5426732794119362,0.26663715815928957,0.354,0.10852206875902067,0.04470504642358863,0.10478745892718831,-0.08226630119754452,0.846,0.5885,0.925747811794281,0.9373466968536377,0.8799648284912109,,0.486298116012649,0.6550741403640515,0.7143953448352165,0.24,0.39686785422304754,0.8329178886596251,0.8030688411778582,0.7034696370596669,0.2505086720341329,0.6474912597328207,0.2505086720341329,0.25008276104927063
213,0.466167113109268,-0.016282882541418076,0.36933037925947626,0.9588860688332045,0.9996829182403345,0.8854297547060521,0.43916247029061756,0.9995,0.7680767523708852,0.8375900687994667,0.8129069287267322,0.7945,0.534778099040666,0.6568571184354833,0.4596449244112311,0.5435,0.15841506640871483,0.08051196477942943,0.15796614928274125,-0.08412590315334538,1.0,1.0,0.9999696612358093,0.988866925239563,0.9376909732818604,,0.5028229446298655,0.9984714909582284,0.9999073992853217,0.35,0.31371961874493026,0.7893983137130337,0.7750003402537161,0.6371268649507049,0.1717535809253545,0.5933197749607023,0.1717535809253545,0.35233333706855774
214,0.25618560824525116,-0.16341547667980194,0.29645614865462316,0.7690149151462543,0.1756483555555322,0.3241651887742309,0.12984929196232298,0.325,0.24865082647943046,0.38320817752481556,0.25397269099317277,0.354,0.18735585546333713,0.2445833939004507,0.08031861507965377,0.1395,0.02943370310784696,-0.012764612115529069,0.027581852947343118,-0.04688147317151298,0.7155,0.3185,0.9478731751441956,0.9510473608970642,0.8739874362945557,,0.18234969846736257,0.31571287106534185,0.5221747282983662,0.15,0.18025345950820418,0.7869346253403139,0.7532727008083612,0.7048189098024747,0.30506424601910265,0.6375226204925631,0.30506424601910265,0.025307458825409412
215,0.9216599747803353,-0.15138661861419678,0.5343077670608498,0.9421298709980037,0.96771635783714,0.7455885829816591,0.4675258603814651,0.982,0.7289791974722729,0.7688414176877039,0.7588299817074954,0.773,0.4973083017797629,0.6383193482036403,0.4216414954103739,0.4935,0.20650209663745756,0.1494806248678465,0.20188487348930745,-0.06666959306586029,0.986,0.993,0.9981628060340881,0.9852228164672852,0.9394975900650024,,0.4804776277928407,0.9913105798035077,0.9983082915427146,0.365,0.38703971931326864,0.9842053255184651,0.9792933402948577,0.9400992439520914,0.8233108858019487,0.9317271988918407,0.8233108858019487,0.45006972551345825
216,0.4751076975885567,-0.01739351451396942,0.40547167851344645,0.9631124252317583,0.9999897785852471,0.8799511248533685,0.4443584895896224,1.0,0.7661626346260277,0.8362055547345905,0.8029678677419669,0.796,0.5228356692228877,0.6531181124042261,0.43260001065000264,0.5315,0.1559231015201666,0.08037648461413908,0.15798729512238402,-0.08609749866558328,1.0,1.0,0.9999768137931824,0.9885624051094055,0.9419891238212585,,0.4884549290868388,0.9999965739141191,0.9939228494119499,0.35,0.3017639481206742,0.8117437799291239,0.7867258581277397,0.6365126297341311,0.18244401239737032,0.6043565700470913,0.18244401239737032,0.34758801758289337
217,0.37544469633744637,-0.12295150756835938,0.25619720455056544,0.7667612486833267,0.40630313708628674,0.5433333009579918,0.2896338514084629,0.5555,0.5200895185872778,0.6108217857027373,0.4193698483424621,0.565,0.4521711294595153,0.5714094439310922,0.2538713299678325,0.371,0.14538401385532704,0.07190141682878098,0.1440458761151353,-0.08024498855724922,0.8255,0.5545,0.9317777156829834,0.9460573792457581,0.9027292728424072,,0.48334121178692024,0.6437810809947733,0.6876281850427226,0.225,0.35978045314382767,0.8296211966862811,0.8016289707879061,0.6982522223022274,0.251531672480399,0.6452585155642033,0.251531672480399,0.2836238145828247
218,0.9995337984841967,-0.0006013366510160267,0.999928385126554,0.9999999999999949,0.9999985697537943,0.9953224192526406,0.9557535574383894,1.0,0.9889568828528261,0.9943980898060181,0.9877526169381542,0.9645,0.974907654764594,0.9873908753780122,0.9330790357697589,0.907,0.9752567528291596,0.9694994878229601,0.9753105698473596,-0.005882877386139795,1.0,1.0,0.9999977946281433,0.9995177388191223,0.9973150491714478,,0.9753282771363019,0.9999999987097153,0.9999999396496089,0.87,0.970809242982242,0.9999149247752323,0.9995809196348564,0.9986684238734582,0.996236357236742,0.9986001563800722,0.996236357236742,0.9536499083042145
219,0.393146662769088,-0.06183033064007759,0.3181543869142774,0.8109485084150456,0.5277840377424429,0.6163596016977251,0.35773478493369626,0.6715,0.6280998207152718,0.6994141788748237,0.48113385028346256,0.6545,0.5191595656418283,0.6249506548131158,0.29896907374226844,0.4305,0.1749866694310155,0.07650231363523348,0.18140055692263518,-0.09728910807513338,0.8635,0.654,0.9394500255584717,0.9528498649597168,0.8967551589012146,,0.5880540538724922,0.7788447226063574,0.7981506802143306,0.255,0.43725661122164355,0.8372232983520229,0.791684365605781,0.6997912937452855,0.24099131082575467,0.642422567132211,0.24099131082575467,0.3323756456375122
220,0.2614577922591669,-0.4123140573501587,0.17117216058497273,0.6295144983725394,0.10610344710612778,0.2815143872956538,0.03232713658178415,0.1765,0.142786259628303,0.3240014678045317,0.08632328608082152,0.1535,0.26209967531225187,0.2692439481693782,0.008880515220128804,0.113,0.02080119097490615,-0.03034260175241606,0.020323649141808727,-0.04368575236144021,0.6325,0.1605,0.9048969745635986,0.8983058929443359,0.8495287895202637,,0.17500207695307207,0.14527982018376903,0.18668513824985933,0.085,0.1838662257449291,0.8189401534147939,0.7940557073427058,0.7030919693080886,0.26116661526583085,0.6443136113328548,0.26116661526583085,0.030664516612887383
221,0.99514338564379,-0.0022550823632627726,0.9998735081555183,0.9999999999999949,0.9999881170289016,0.9791807641053943,0.899027536256884,1.0,0.9745527977077899,0.9744008661822259,0.9752349173087294,0.9425,0.9466922516633083,0.9385376026597534,0.8700742245185561,0.8605,0.9111204252894138,0.8968346624437752,0.9110165656974016,-0.015292181507924663,1.0,1.0,0.9999775290489197,0.998688280582428,0.9927522540092468,,0.9422742999972914,0.9999999818117506,0.9999994755266651,0.785,0.9300093791803277,0.9998796920834339,0.9994323012113853,0.9976043742463421,0.980639746721029,0.9943890285655476,0.980639746721029,0.9095537960529327
222,0.16441229963108756,-0.30529287457466125,0.1591608721944395,0.6246136733429548,0.17473910428564132,0.4214987002000802,0.07337740234435058,0.2575,0.25566093513374005,0.4877182107062483,0.133911031977758,0.2795,0.3291754366107506,0.43191384079616396,0.06787522996880749,0.184,0.047534987668309,-0.00043714320659239106,0.050217708197128286,-0.048948316600010616,0.755,0.264,0.8080917000770569,0.8039275407791138,0.7748752236366272,,0.33578978341756105,0.25975985995964057,0.29820270983683717,0.115,0.32075130093158777,0.8165088980573427,0.7948252887080443,0.7010091554224901,0.3344661211633223,0.6617023658377998,0.3344661211633223,0.06672677025198936
223,0.4026277778241411,-0.06777168065309525,0.3862170281982895,0.9466880265266959,0.2972635330411638,0.43409316001096787,0.23508026577006644,0.472,0.39296796017910085,0.5131713759412627,0.40928928182232044,0.507,0.24916291190539214,0.3204010616910975,0.1024937416234354,0.202,0.03519633290393907,-0.009213918740581887,0.031559757338429736,-0.044124667982010056,0.7,0.47,0.9580576419830322,0.9661089777946472,0.8829706907272339,,0.252681641635755,0.4687484443034535,0.778980897644517,0.225,0.249545863040141,0.80701125203467,0.7708079379405113,0.6686106555943306,0.27048370417222295,0.6292283874354336,0.27048370417222295,0.0744287520647049
224,0.9999999999997222,-0.0,0.9999999999974046,0.9999999999999949,0.999999597236999,1.0,0.9816079929019982,1.0,0.9970579014615676,1.0,0.996151452037863,0.979,0.9948741706690539,1.0,0.9824178131044533,0.9625,0.9997033381762781,0.9996476416429961,0.9997101223807914,-6.328158826907071e-05,1.0,1.0,0.999999463558197,0.9998851418495178,0.9995527863502502,,0.9930969712418889,0.9999999994796231,0.999999994335689,0.91,0.9909799618279481,0.9999999999985578,0.9999999999981359,0.9999999999970457,0.9999999999999912,0.9999999999984326,0.9999999999970457,0.9999795854091644
225,0.20314757012397708,-0.2003859430551529,0.16416285085319277,0.6322489139567516,0.23387106643197111,0.49222435715930973,0.11781858545464637,0.354,0.33055829047818686,0.5683764841216197,0.16092671973167993,0.378,0.3792848510968303,0.5075840152514743,0.1372564588141147,0.2385,0.08285720416104164,0.026512742250104908,0.08397239468163442,-0.06532204013087756,0.755,0.339,0.8198912739753723,0.8241356015205383,0.7741318941116333,,0.40508375221997756,0.3509693848081018,0.4034382445914446,0.17,0.36714093974105516,0.8114562991993896,0.7940991663816439,0.7040051044975646,0.3019419813514682,0.6528756378575166,0.3019419813514682,0.11992870643734932
226,0.47375777579013933,-0.022127503529191017,0.21894258690454582,0.960607784355292,0.9999910243507435,0.860042223100287,0.37517516029379006,1.0,0.7543650911746125,0.8091077356094749,0.7768808227202056,0.8025,0.5007807218544224,0.620615279008598,0.418312936078234,0.525,0.08094279043718611,-0.005450542313151455,0.08251566815645531,-0.09308268944727453,1.0,1.0,0.99998539686203,0.9880369901657104,0.9348068237304688,,0.4590039055723065,0.9999988473936582,0.9989475722335799,0.36,0.31048915004570815,0.7968991528129743,0.7840002081463371,0.6356071981130348,0.19369634614568995,0.602550726304509,0.19369634614568995,0.31985943019390106
227,0.9969731064055386,-0.0014051302568987012,0.9989901886894847,0.9997822918073523,0.9992334556093263,0.9573614826695124,0.6167170346792586,0.9995,0.8869867598288819,0.9457630449370781,0.8844487926121981,0.8685,0.7881901206089639,0.8906809649486349,0.6845063836265959,0.728,0.7778876968938413,0.7474926357345418,0.7778075538498611,-0.03731190633475989,0.9995,1.0,0.9998610019683838,0.9949871301651001,0.9726265072822571,,0.744515135309426,0.9997857037817593,0.9982110408387542,0.62,0.7719249234266238,0.9987595994957362,0.9970469511299088,0.9866414986648615,0.9824487650308604,0.9912242035803418,0.9824487650308604,0.783057451248169
228,0.009032952567337073,-0.6094136238098145,0.1236956657869408,0.6173994757948279,0.017529127929676952,0.10325938965875289,-0.016848356712089178,0.036,0.03581636634019825,0.13946581472107977,0.0802841735710434,0.039,0.22004328873979653,0.10856586290000533,0.03961910490477623,0.031,0.004205761372919454,-0.0384438482834589,0.0029749455860728783,-0.043299821236366776,0.76,0.0435,0.801487922668457,0.7844020128250122,0.7153537273406982,,0.10691619855668781,0.039953365060384494,0.05708122116850772,0.025,0.0979007673050214,0.8117309309699674,0.750699707008451,0.6662115873775148,0.2692069733595467,0.62446229967887,0.2692069733595467,0.0021175455185584724
229,0.33208164564896836,-0.26949042081832886,0.20580587660113256,0.6760577674765657,0.3280951150319992,0.4990754004104626,0.22001287750321938,0.4705,0.4335768039491584,0.5685736132166852,0.3222352825588206,0.4915,0.4143096831285853,0.5116166374716735,0.22529001982250496,0.3345,0.10512557543240476,0.032754638540678366,0.10369002903155577,-0.07770417474242391,0.8055,0.459,0.9264143109321594,0.9346738457679749,0.8890082240104675,,0.4080881364262272,0.5530406086676901,0.5855799455181,0.235,0.3017494553452745,0.8287677606386822,0.7926796625467175,0.7087206343407814,0.2751580967498343,0.6513315385690038,0.2751580967498343,0.21318092942237854
230,0.10030593440338559,-0.5240898728370667,0.1461961766708236,0.6187374756133063,0.08918872419395285,0.2729690301209259,0.06114051028512757,0.1525,0.13668117868667332,0.32882458893679,0.09854793213698304,0.1505,0.22960804678277816,0.274662891482969,0.0563797655949414,0.1045,0.02121958303264398,-0.019949404041675955,0.021116811835578828,-0.04395947648554864,0.7155,0.138,0.8900466561317444,0.8781884908676147,0.832157552242279,,0.20276551198800746,0.14244318033244452,0.15982522767488558,0.11,0.22768192030923826,0.7827106665321528,0.7702672251435354,0.6920504585583582,0.35402445811098754,0.6497632020862586,0.35402445811098754,0.008477003779262304
231,0.9990896544858956,-0.0005825057160109282,0.9999971062351657,0.9998739635371365,0.9999559428053493,0.9692951593796196,0.7168746772186693,1.0,0.9243886333362602,0.9639180994608029,0.9257325844331461,0.887,0.8762567163772405,0.9320019008648136,0.7573588233397058,0.781,0.8907246221099658,0.8705122751397292,0.8938671404744684,-0.01793515773246701,1.0,1.0,0.9999744892120361,0.9960758090019226,0.9817888736724854,,0.8315071503523018,0.9999989034616994,0.9999990904819368,0.64,0.8172264274197045,0.9999999999985578,0.9999999999981359,0.9999999999970457,0.9862245916212207,0.9965561479037399,0.9862245916212207,0.9205707013607025
232,0.4779818963106165,-0.01698496751487255,0.4669489378903919,0.963600761575985,0.9985317694958278,0.8527741131200599,0.31954954088738524,0.9995,0.7187508231422969,0.8086731367939441,0.7575679563919892,0.7625,0.49022634638935364,0.6259996364933024,0.3875299268824817,0.5065,0.13939748339207217,0.07477512059233961,0.13806313255480215,-0.0863134214417543,1.0,1.0,0.9998071193695068,0.9868229031562805,0.9325174689292908,,0.42617978657082684,0.9965336058799141,0.9987588640838683,0.355,0.32622331062300536,0.7804341016268609,0.7664496471718468,0.6249554796857487,0.18639912609369302,0.5895595886445374,0.18639912609369302,0.300040140748024
233,0.4585369839198205,-0.01719527877867222,0.27679124355380397,0.9616890891813978,0.9999839449805271,0.8822130302410116,0.45330364882591223,1.0,0.7632193705637245,0.8350347883093115,0.7997615419403855,0.801,0.5355329550362639,0.6531525427778802,0.4654766063691516,0.5355,0.15933950550698214,0.06781653134387419,0.16638850868984095,-0.09312605141823906,1.0,1.0,0.9999752044677734,0.987458348274231,0.9413533806800842,,0.4894335917078463,0.9999804514113408,0.9998311071304202,0.345,0.3002597222210358,0.8111731681301365,0.7721999421392373,0.6338142531856484,0.17786734964584458,0.5987636782752167,0.17786734964584458,0.34207578003406525
234,0.4794052148142715,-0.01692887581884861,0.3671439255152169,0.9619206701537486,0.9999999999999992,0.9999999999972122,0.9999999939999985,1.0,0.9999999999918756,0.9999999999963569,0.9999999954999989,1.0,0.9999999999851035,0.9999999999918135,0.9999999924999982,1.0,0.999999999899768,0.9999999998635736,0.9999999999083807,-3.163724837662585e-11,1.0,1.0,0.9999999403953552,1.0000001192092896,1.0,,0.9999999999815157,0.9999999999999989,0.9999999999999987,1.0,0.9999999999784216,0.7905886127212075,0.7793138829105917,0.635756463725197,0.1789436681219798,0.596150656869744,0.1789436681219798,0.9999990463256836
235,0.08530779088117094,-0.59493488073349,0.173556104171143,0.6186949713670515,0.031642358975768246,0.1705609432991722,0.011772527943131985,0.046,0.047171769962982515,0.19982004483379182,0.058035857508964374,0.0415,0.20264148928463857,0.1774366838615985,0.029228599307149827,0.03,0.006982012596924989,-0.026720245928256964,0.007307393533860123,-0.031082054751109485,0.6505,0.0435,0.9308697581291199,0.9113324880599976,0.8485611081123352,,0.09963256128109296,0.058534375763907666,0.07567593196146419,0.03,0.10747255492651131,0.7829479193469526,0.7493461682413495,0.7023161417265315,0.308615601557476,0.6358064577180774,0.308615601557476,-0.0004305560141801834
236,0.9997751497759997,-0.0003108306846115738,0.9996679899206671,0.9999999999999949,0.9999965091941182,0.9921347690816378,0.9119337629834408,1.0,0.9805122045556364,0.9909069949833861,0.9782654715663679,0.948,0.9559628856768955,0.9832462408805814,0.8940368775092193,0.8765,0.9771042644489926,0.9704957469384736,0.977892483200169,-0.006605391855866061,1.0,1.0,0.9999953508377075,0.9990612864494324,0.9950799345970154,,0.9589981653102333,0.9999999952199288,0.999999793412394,0.845,0.949372418391099,0.9998736616948982,0.9994142297361241,0.9982594332785618,0.9964037388648749,0.9984877658936148,0.9964037388648749,0.9510664343833923
237,0.45977105387758277,-0.10350195318460464,0.30263803203268813,0.8994557230561703,0.744961119641236,0.6768147798639174,0.3964730131182533,0.8455,0.6898134426174958,0.7087731696728558,0.7098816619704155,0.7475,0.42944910434142625,0.5486122245901178,0.33942171535542887,0.451,0.08992644487507175,0.03375425671143931,0.08970074708134984,-0.06793280116682174,0.9105,0.8435,0.9921408891677856,0.9851953387260437,0.932197093963623,,0.4256254908884945,0.9263297787813847,0.9902143241835772,0.315,0.28865357010744436,0.8347703068318135,0.7911365346294421,0.677954943827146,0.2625444978828798,0.6416015707928204,0.2625444978828798,0.2709205150604248
238,0.48418079157016325,-0.01687474176287651,0.5488036908444112,0.9638286275608899,0.9999258726981451,0.8559098761499981,0.30929165032291256,1.0,0.7183653113386114,0.8016670882933331,0.7536315579078895,0.7715,0.4705875910015332,0.6212451885911895,0.402117948029487,0.506,0.12984503482582646,0.04204025943281288,0.13487942335090464,-0.09453496759118848,1.0,1.0,0.9999387264251709,0.9857274293899536,0.9320957660675049,,0.40350215129318406,0.9999868138158939,0.995689869710071,0.345,0.3129185828184744,0.8032606786368319,0.776061047099385,0.627205926720344,0.17529119938518306,0.5954547129604361,0.17529119938518306,0.3101995587348938
239,0.9729406363490405,-0.01114869024604559,0.99193252248104,0.9884456002407975,0.9937325660073876,0.904372075633565,0.5818797884699471,0.997,0.8297362465547993,0.8986357703808447,0.854434335608584,0.8315,0.6485208878764407,0.80379776560385,0.5036846489211623,0.601,0.6456555652155546,0.5973917598409177,0.6478542291996668,-0.057001407239581026,0.998,0.999,0.9996755123138428,0.9919542670249939,0.9554073810577393,,0.6180876876420928,0.9998500562858142,0.9997625780066726,0.505,0.6192793054025474,0.9782908486972085,0.9691970190940955,0.9441279180376544,0.953816891045173,0.9613581692185328,0.9441279180376544,0.7030918598175049
240,0.31581633631641826,-0.27096912264823914,0.20372297198231132,0.6727822636290812,0.3358323304482578,0.48160852614812566,0.19528504282126072,0.4755,0.42639226417076287,0.552314244192396,0.2951338082834521,0.4795,0.39605523561580463,0.48423046708119594,0.18669518417379605,0.3145,0.08225241905599609,0.031747299005505,0.08312588277341207,-0.05616623608137886,0.7955,0.454,0.9308325052261353,0.9339027404785156,0.8919491767883301,,0.3940689242009658,0.5191792203400009,0.5921477019423274,0.22,0.32570163367604404,0.8357754588675717,0.8132867342181764,0.7056133355431616,0.2690594694470127,0.6559337495189806,0.2690594694470127,0.18647535890340805
241,0.32336074195852466,-0.3911392390727997,0.19677874739170773,0.7058275537403816,0.6928189261875466,0.780670926402478,0.47573801743450433,0.808,0.6850991486962038,0.8093909619851665,0.6947974181993546,0.7325,0.45325421341281275,0.6130534604500965,0.37161813140453287,0.4465,0.1367410474047032,0.0406757174350975,0.13219032288192611,-0.08471621839628286,0.9035,0.816,0.9832174777984619,0.9833618402481079,0.9343433976173401,,0.4590461522406846,0.8475018274852022,0.977951871620138,0.28,0.3039016140333894,0.8434343922561256,0.8135249064737038,0.7056212782374037,0.24455242331579813,0.6517832500707578,0.24455242331579813,0.2435283660888672
242,0.47369867818699124,-0.01656678505241871,0.2791261271012507,0.9618246465537985,0.9984794869173725,0.8486202805001973,0.3644747111186778,0.999,0.7222943060746218,0.8055100654750688,0.7537563534390883,0.764,0.4944757754630793,0.6169649464723488,0.4070122032530508,0.512,0.12182709927249193,0.03129582036958855,0.1271076843070857,-0.09715534211548613,0.999,0.9995,0.9994890093803406,0.9856135249137878,0.9274894595146179,,0.4399633641269816,0.9999003069632699,0.9928878361288314,0.385,0.35034304928881577,0.7284051445325741,0.7723671546266837,0.6426381081826489,0.1858319043267735,0.58231057791717,0.1858319043267735,0.30583249032497406
243,0.9982376254367912,-0.0009379281545989215,0.9987318745347828,0.9999999999999949,0.9999920951839707,0.9901694901654269,0.8713204668301167,1.0,0.9635857049822605,0.9872831254640443,0.964403591600898,0.931,0.9259021992599592,0.9725072021494204,0.8442959935739984,0.838,0.9014678031195119,0.8880318833242657,0.9028985644414274,-0.01565114942452228,1.0,1.0,0.9999754428863525,0.9981939196586609,0.9912468194961548,,0.9183529939485148,0.9999999642024302,0.9999995928129601,0.77,0.9068807735767164,0.9990928908119194,0.9988549131380953,0.9971961515667154,0.9935320616155511,0.9971690042830703,0.9935320616155511,0.8722034394741058
244,-0.03904085718071507,-0.08816630393266678,0.6579217987699176,0.029623268586051715,0.9999999999999989,0.9999999999969531,0.9999999909999977,1.0,0.9999999999922219,0.9999999999959468,0.9999999954999989,1.0,0.9999999999835335,0.999999999990777,0.9999999864999967,1.0,0.999999999891909,0.9999999998534251,0.9999999999015851,-4.2365777552788586e-11,1.0,1.0,0.9999999403953552,1.0,1.0,,0.9999999999820525,0.9999999999999986,0.999999999999999,1.0,0.999999999972551,0.9999999999985336,0.9999999999980791,0.9999999999964191,0.9999999999979954,0.9999999999977568,0.9999999999964191,0.999999612569809
245,-0.013608659904966472,-0.08592662215232849,0.686055990333027,0.053466261419569276,0.9999999999999986,0.9999999999969142,0.9999999864999967,1.0,0.9999999999917686,0.9999999999959809,0.9999999939999985,1.0,0.9999999999835738,0.999999999990772,0.9999999849999962,1.0,0.9999999998931908,0.9999999998546306,0.9999999999012998,-3.5985880941780124e-11,1.0,1.0,0.9999999403953552,1.0000001192092896,1.0000001192092896,,0.9999999999814256,0.9999999999999989,0.9999999999999988,1.0,0.9999999999753044,0.999999999998538,0.9999999999980684,0.9999999999964144,0.9999999999979526,0.9999999999977434,0.9999999999964144,0.9999997913837433
246,0.49916473463306726,-0.021233078092336655,0.499710441180677,0.9591831863800734,0.9999917833964332,0.8624594186489355,0.36111333777833443,1.0,0.7425881695439563,0.8087199547059214,0.7818223564555891,0.7895,0.49863806497565355,0.6215573015173819,0.46500612375153094,0.528,0.07171892625397201,0.0005367322287931906,0.0742876553803983,-0.07991004208580929,1.0,1.0,0.9999818205833435,0.988115668296814,0.9394015073776245,,0.4391206135114732,0.999998680153451,0.9999871682271456,0.355,0.3094312369153201,0.7979358738732716,0.7690842022680917,0.6331157764125064,0.1907119154387717,0.5977119419981604,0.1907119154387717,0.30909937620162964
247,0.4756181459285295,-0.08501187711954117,0.3656229759662324,0.9146087705460444,0.9800459788208316,0.8837043589560403,0.49146979936744983,0.9885,0.7720265612601553,0.8365285871536449,0.8124681141170286,0.8025,0.5597660148844844,0.6658791267380113,0.48734972433743107,0.5695,0.14242701555250908,0.0561189084535259,0.1532989309862306,-0.07912821866215194,0.993,0.9895,0.9991857409477234,0.9885026216506958,0.9497174024581909,,0.4896362031039318,0.990918146667164,0.9999796579570863,0.355,0.301332791896596,0.8382434920050539,0.7982225685680613,0.6484936998382732,0.20127604585283193,0.621558951566055,0.20127604585283193,0.3895709216594696
248,0.3850251111319614,-0.03269209340214729,0.414794810978425,0.940753793742863,0.9999872846907865,0.8482609260687581,0.2285042776260694,1.0,0.6437078742347584,0.7527322319103216,0.6818705814676453,0.7045,0.41566274890207994,0.5224953615414031,0.30250502462625617,0.424,-0.014445237979491671,-0.12749380129465226,-0.02438005595904142,-0.13224426201207953,0.8535,0.8535,0.9999523162841797,0.9778038263320923,0.9073985815048218,,0.4008594416845328,0.9999988545516977,0.9771833940183545,0.35,0.27142175751232306,0.7650257799565974,0.7826266479109866,0.6792176369660873,0.1846302189956231,0.6028750709573236,0.1846302189956231,0.20086123049259186
249,0.22430380893589894,-0.5076850652694702,0.1662206104624809,0.6273810742234621,0.27170653206980794,0.4148888508505839,0.17353633938408486,0.414,0.3702186762267097,0.48826441168106044,0.2703278175819544,0.429,0.341392693762798,0.42959791261817754,0.12108819777204945,0.2605,0.059087278582083826,0.006387636610514004,0.06254856926824334,-0.05155306746564454,0.7365,0.4045,0.9543697834014893,0.9530503153800964,0.9021292924880981,,0.3666078029787343,0.4521206136657743,0.5141516943441705,0.175,0.3244870100502181,0.826668782391165,0.8008204025318559,0.7137421479229723,0.2966265795753737,0.6594644781053418,0.2966265795753737,0.11480389907956123
250,0.4570539254028455,-0.016746753826737404,0.3126274243011787,0.9608360804731563,0.9995166656838289,0.855499276442643,0.36896486174121546,1.0,0.717528768888904,0.8061677364711115,0.7450915712728928,0.7655,0.5081352243769103,0.6383293074203377,0.4431405837851459,0.5045,0.12470699305979681,0.04101862718235448,0.127906388128387,-0.0820924421489198,0.999,0.9995,0.9997562170028687,0.9865388870239258,0.9402233958244324,,0.458480307788124,0.9999286811647115,0.9988035999919022,0.355,0.3263762210049786,0.8121209152993535,0.7739113820536393,0.6261447914976861,0.19010263965928234,0.6005699321274903,0.19010263965928234,0.3228591978549957
251,0.13968789661179565,-0.5825001001358032,0.15003298692273834,0.6222004734909202,0.20211048356949604,0.33209120249915297,0.1357560264390066,0.349,0.2685105426894577,0.37939529064871036,0.20922140230535058,0.368,0.24267884471832307,0.28139534542563627,0.023010356752589188,0.154,0.03332220670828721,-0.005139684732591712,0.03273767641913404,-0.040045749904946776,0.7355,0.363,0.9408618807792664,0.946487307548523,0.8740344047546387,,0.24162894771764748,0.29210599445129803,0.49021382659336743,0.155,0.2771546362570201,0.7975002797388736,0.7581446034774135,0.6877712155176247,0.3246816958599186,0.6420244486484576,0.3246816958599186,0.021547719836235046
252,0.0721127674412836,-0.6338407397270203,0.14203237082237158,0.6149926470201267,0.08782015506781052,0.2723738440213383,0.04615383703845926,0.156,0.1359704259320477,0.322514555019755,0.04362961990740498,0.157,0.23283003849554132,0.276815511789873,0.06224022356005589,0.092,0.025819795590322266,-0.022128896627639887,0.029314426055154313,-0.04692439512182841,0.695,0.14,0.9139091968536377,0.9053560495376587,0.8613431453704834,,0.19527971889512066,0.13316635714033873,0.15994640103530539,0.095,0.22327257285567448,0.8280777282778676,0.8031671498719142,0.6867385567328285,0.29683608513341314,0.6537048800040058,0.29683608513341314,0.011644754558801651
253,0.4561521048164754,-0.016835307702422142,0.48642854600078256,0.9624719520447289,0.9999826180538494,0.8814711212958529,0.4253205568301392,1.0,0.7718811259123239,0.835708926302018,0.8128176142044036,0.805,0.5351713689846204,0.6528861260901336,0.436161124040281,0.542,0.15150974997651373,0.08092427504278006,0.14327563322401488,-0.08696876275307472,1.0,1.0,0.999980092048645,0.9891950488090515,0.9415609240531921,,0.5108473943402565,0.9999570441400003,0.9981946691699054,0.35,0.3138426038785687,0.8194971722558594,0.7788197602958283,0.6358725646141854,0.17606262836506328,0.6025630313827341,0.17606262836506328,0.33439967036247253
254,0.5019207022429203,-0.016180500388145447,0.9918928677220037,0.9679042003706442,0.9999999999999991,0.9999999999972715,0.9999999894999974,1.0,0.9999999999925008,0.9999999999963453,0.9999999939999985,1.0,0.9999999999848329,0.9999999999917446,0.999999987999997,1.0,0.9999999999012992,0.999999999869182,0.999999999908175,-3.766098544133456e-11,1.0,1.0,0.9999999403953552,1.0,1.0,,0.9999999999833483,0.9999999999999992,0.9999999999999987,1.0,0.9999999999792497,0.9999999999985548,0.7846760856787182,0.6347712264355706,0.1779368937993785,0.6493460514780555,0.1779368937993785,0.999999612569809
255,0.4370753876612835,-0.22177553176879883,0.2802889676225791,0.8739040228665489,0.6014837579788893,0.553712384320975,0.34118857029714256,0.7475,0.49250141925050867,0.5933826969539011,0.48404942501235626,0.5975,0.30336051552261273,0.45819256989097934,0.17891044622761157,0.315,0.08393838023213356,0.012870470081578815,0.08656857057919506,-0.06053391256510866,0.804,0.7795,0.9814217686653137,0.9752772450447083,0.9137415885925293,,0.3333534747496484,0.7805501711140533,0.9017828403567287,0.27,0.32426803551562805,0.8206102479912428,0.786093580352964,0.6764536754611754,0.2562076815098086,0.6348412963287977,0.2562076815098086,0.23279768228530884
256,0.4962377290299992,-0.016383035108447075,0.5510467778735129,0.9627500300657698,0.9999873056424502,0.8356628376291461,0.3441952715488179,1.0,0.7691252248681698,0.5195421919850718,0.80069048017262,0.8025,0.5569885053037631,0.3966069327420944,0.45569848642462163,0.552,0.08303422406647232,0.02632753614301748,0.08602640905773773,-0.06545880419333537,1.0,1.0,0.999851405620575,0.980202317237854,0.9179415106773376,,0.5095685990179102,0.9999940469317872,0.9985752060305721,0.345,0.28847645682774503,0.8451469454594182,0.7829928750994559,0.6262679173974252,0.22251469060463455,0.6192306071402335,0.22251469060463455,0.27513016760349274
257,0.44089827174770313,-0.02704133279621601,0.38611930224532104,0.9463162862583084,0.6339495307835082,0.5888681391412609,0.3892083238020809,0.7515,0.6745340203714154,0.6700789413846804,0.5850478702619676,0.709,0.5084668212132808,0.6029824677416595,0.34360282990070745,0.456,0.1315050581212201,0.04502194963103235,0.13478486024994973,-0.09765307692757222,0.877,0.7495,0.956730306148529,0.9727697968482971,0.9181131720542908,,0.5211879944343821,0.8545750171103943,0.9030344697755124,0.275,0.41876559713429656,0.8445930851122547,0.7940136518973046,0.6626860948417239,0.21504567118291543,0.6290846257585496,0.21504567118291543,0.34652823209762573
258,0.49026590326857444,-0.03933141008019447,0.3518708625334653,0.9525602670316222,0.9999919185511824,0.8073542391232424,0.3287862551965638,1.0,0.702154972456661,0.7473050461585468,0.7266959671739918,0.76,0.40710527675856967,0.5079442001795591,0.31615135453783866,0.429,0.12051616132097166,0.045942974043984085,0.12007099653915282,-0.0781330036002538,1.0,1.0,0.9999874830245972,0.9851174354553223,0.9215355515480042,,0.41689542112172523,0.9999997005948451,0.9962769157832584,0.345,0.2802402180852346,0.7922738423140041,0.7748062743455021,0.6098588010654534,0.22907640106670682,0.6015038296979167,0.22907640106670682,0.24012450873851776
259,0.9999999999997222,-0.0,0.9999999999974046,0.9999999999999949,0.9999991693051932,1.0,0.9661708815427204,1.0,0.9948777110947413,1.0,0.9933742433435608,0.971,0.9923997723412762,1.0,0.9713293813323454,0.9515,0.9992815987850541,0.9991312576958913,0.9992940340347829,-0.0001122526785050093,1.0,1.0,0.9999989867210388,0.9998003244400024,0.9991124272346497,,0.9876413181370567,0.9999999989932348,0.9999999897557821,0.905,0.9805864023714369,0.9999999999985578,0.9999999999981359,0.9999999999970457,0.9999999999999912,0.9999999999984326,0.9999999999970457,0.9999261796474457
260,0.11043053021891924,-0.4485286474227905,0.15047331795951419,0.6198093488114138,0.11746999499730368,0.3454905069398996,0.06005153701288425,0.1795,0.1805043693288335,0.40857804884948445,0.04449769412442353,0.201,0.2781303590922746,0.35633651269462796,0.05325527831381958,0.126,0.035564156284259366,-0.019583944363039337,0.04083001240120101,-0.05599795150633082,0.7235,0.177,0.82151198387146,0.8154948949813843,0.7726035714149475,,0.2513435562236237,0.1695357984506853,0.21038081022662822,0.12,0.25605192440817853,0.8043309231372152,0.7770522640000317,0.6999291980289265,0.35258235812697863,0.658473685823288,0.35258235812697863,0.032926129177212715
261,0.994085323006745,-0.0020574256777763367,0.9979854387518677,0.9996114836804278,0.9974308460150675,0.9346342264501525,0.590433236108309,0.9985,0.8523884194116959,0.9257978842347857,0.8554058498514625,0.841,0.7453843333348361,0.8582553887952019,0.6101625955406489,0.68,0.6795738368680574,0.631275103884898,0.6849022503034942,-0.0581729454279849,0.9995,1.0,0.999554455280304,0.9932047128677368,0.9681261777877808,,0.6835934289136407,0.9999700251494559,0.9989608818485347,0.555,0.7146091390624894,0.9973897280802847,0.9945161763556994,0.979789417634236,0.9691128344379261,0.9852020391270366,0.9691128344379261,0.7268495857715607
262,0.9370315058727682,-0.12240386009216309,0.6026725548293436,0.9524660362536876,0.8598297637664162,0.6711112685372724,0.40013842603460653,0.914,0.5848504991123447,0.6916970601377327,0.6208342072085518,0.6775,0.36549719401065983,0.5486510124943802,0.25064795066198764,0.3655,0.20935254658473673,0.13889169925063294,0.2125252016000553,-0.06714543016972829,0.9245,0.9515,0.9944615960121155,0.9811627864837646,0.9194732308387756,,0.3480807869945935,0.9529744919354906,0.9613734676388116,0.325,0.3246814803788031,0.9861464132474932,0.974319333107181,0.9236134535946151,0.7828262956848251,0.9167263739085286,0.7828262956848251,0.400360107421875
263,0.46292794452245617,-0.07618310302495956,0.3071048373343246,0.9181111480351151,0.9998932336438376,0.8145682686927213,0.42907170976792747,1.0,0.7561806576697578,0.7901394156470234,0.7900662775165693,0.795,0.5128197595494126,0.6124440454338926,0.38126482581620647,0.5185,0.1443187649602295,0.0681832223748885,0.14399936386319756,-0.07698958625091015,1.0,1.0,0.9999048709869385,0.9895200729370117,0.9398974776268005,,0.4878130983477122,0.9997842014634358,0.9974002953305117,0.355,0.32501193950757296,0.7519132668287216,0.7594108934811684,0.639623767113896,0.21195420728242886,0.5907255336765538,0.21195420728242886,0.3559320271015167
264,0.31182670332038853,-0.5827863812446594,0.1831340327210644,0.6757115454493996,0.6026619710115572,0.6736495218168962,0.3855548568887142,0.744,0.6034066024619893,0.719727041899908,0.6135491148872787,0.6795,0.39284616872446204,0.5435897359144196,0.3130226687556672,0.3955,0.075749162638981,0.00705223877893642,0.0732744619908524,-0.06207458045237567,0.8655,0.749,0.9789094924926758,0.9801629781723022,0.9225491881370544,,0.3976433145683182,0.8115733524032757,0.964021240469062,0.27,0.2964360879924094,0.829515183733482,0.8064534780176228,0.7093882484776517,0.2596480864810728,0.6512512491774572,0.2596480864810728,0.16935734450817108
265,0.4705190511948954,-0.016526032239198685,0.3530137564905487,0.9626974754425275,0.9999905993337401,0.8840639175084261,0.43665749816437455,1.0,0.7591601418070669,0.8333314265772948,0.7961670070417518,0.788,0.5124067145941601,0.6519406420548406,0.4581668420417105,0.5265,0.15071719283722462,0.07246043315521926,0.1579354506095601,-0.09227785459914364,1.0,1.0,0.99998539686203,0.9886460900306702,0.9404529929161072,,0.47398681158540623,0.9999877601087341,0.9999432384115338,0.355,0.31508324348709915,0.7931845680003755,0.7807022384357984,0.6328542388050068,0.17720311972760777,0.5959860412421971,0.17720311972760777,0.3406318873167038
266,0.3975934959176553,-0.07443176954984665,0.4241116982510635,0.9448386041011202,0.29821083836089685,0.43126691264447864,0.22700755625188906,0.471,0.3833648634500204,0.5073642021602305,0.4244146571036643,0.4915,0.22778088226183857,0.31255457890273436,0.04920414180103545,0.195,0.03624337032629195,-0.013094928032062712,0.039687416857077426,-0.053739146308037326,0.7215,0.4695,0.9594405889511108,0.9676166772842407,0.882422685623169,,0.25657394419573043,0.5115609291799011,0.7470973960198151,0.22,0.2518772594626523,0.7877241874520513,0.775461801273731,0.6683729084778274,0.272292270086435,0.6259627918225112,0.272292270086435,0.05574595183134079
267,0.4655350957469694,-0.017076194286346436,0.6201793276040954,0.9613597061795573,0.9999919143661835,0.8821211220768991,0.4229746057436514,1.0,0.7664966177092487,0.8335240439494231,0.7987357546839386,0.8055,0.5217600798465938,0.6540169420377282,0.45025102356275587,0.5295,0.1490739248785508,0.05409254234596942,0.1547652895390646,-0.09625385496144714,1.0,1.0,0.9999824166297913,0.9889346957206726,0.9364463686943054,,0.48984152251973045,0.999996848981323,0.9995702185282583,0.355,0.3059036141872174,0.8090061040942838,0.7808685361661908,0.635753240427167,0.18666196359474085,0.6030724610705955,0.18666196359474085,0.3385084867477417
268,0.47085985971906774,-0.030927883461117744,0.24048056315963717,0.9511096488936838,0.9998368024840973,0.716877480631977,0.3172879468219867,1.0,0.7426192204079546,0.6202454846415777,0.762391044097761,0.7775,0.48762829518294837,0.4798814013236981,0.3807120576780144,0.5055,0.1000418392997625,0.04721449658224533,0.10051620359410424,-0.054542705317981,1.0,1.0,0.9996925592422485,0.9848923683166504,0.9329956769943237,,0.4761277312056909,0.9999565945092349,0.9984828403978386,0.345,0.285363818003985,0.7781384115147757,0.7916500393339709,0.6618509402952232,0.23227988655185033,0.6159798194239551,0.23227988655185033,0.2263309508562088
269,0.3107325213632114,-0.16287188231945038,0.2761320199986207,0.7689504349201393,0.1693661058459315,0.31400392035973307,0.12262556315639078,0.3225,0.23046589821170374,0.37035711396401855,0.2599137379784345,0.335,0.18742054108290512,0.23798848218382415,0.027383726345931586,0.143,0.02873763623992873,-0.019292587773633834,0.029897953455197093,-0.05085833988448469,0.6935,0.316,0.9440970420837402,0.9469016194343567,0.8753997087478638,,0.18304397567932815,0.2965476031353097,0.4865807149130739,0.135,0.18447942945655435,0.7902748421354868,0.7625437849631871,0.7067194373647893,0.29715026406150247,0.6391720821312414,0.29715026406150247,0.0192409660667181
270,0.40120955433507055,-0.03348040580749512,0.29212981101947166,0.9404616626705934,0.9999932542658975,0.8440364891821882,0.26486836221709054,1.0,0.6278080615839212,0.7473409876716299,0.6782840655710164,0.693,0.4232471240361398,0.5293564148256957,0.2828553992138498,0.4315,-0.013110729949304687,-0.1390371422044351,-0.0062215987586009235,-0.12523328642693599,0.8675,0.8675,0.999987781047821,0.9783143401145935,0.908298671245575,,0.3750935987202797,0.9999993097131447,0.9804691617357043,0.35,0.2689182111335993,0.8054845922382822,0.7747989022424226,0.671068197140794,0.19588592628281407,0.6118094044760782,0.19588592628281407,0.23105507344007492
271,0.4732060158117699,-0.016023587435483932,0.23967847836834635,0.9610482042773586,0.9999927844276125,0.884158531830949,0.4079135504783876,1.0,0.761319510163952,0.8344659198083975,0.7958680419670104,0.793,0.5385888920147928,0.6551806086159356,0.41507807726951934,0.5355,0.15040510461794715,0.0722985834102277,0.14532530890666276,-0.09293575689082578,1.0,1.0,0.9999803900718689,0.9880340695381165,0.9381470680236816,,0.4854557313384502,0.9999996969897821,0.9995579457452629,0.345,0.3011046792872494,0.8235181749781428,0.780158446760433,0.6332168999524531,0.17523955196664912,0.6030332684144195,0.17523955196664912,0.32893283665180206
272,0.45355302568999306,-0.017129085958003998,0.32366613264090693,0.9631386151287837,0.9999912783512993,0.8826211245404579,0.41711399927849985,1.0,0.7634783440853269,0.8312334748579293,0.8044208386052096,0.7955,0.5371648071877133,0.6584066876494562,0.43047576861894216,0.5365,0.1445560065719792,0.07453872392303118,0.1426247781076693,-0.07767616959365989,1.0,1.0,0.9999837875366211,0.9876768589019775,0.9381160736083984,,0.47323242435432306,0.9999992692259364,0.9994273510772291,0.35,0.3079422942958642,0.7998361111862031,0.7891200918846786,0.6319336856462672,0.18294352473436942,0.6009583533628796,0.18294352473436942,0.3373478055000305
273,0.9967616349659518,-0.001470215735025704,0.9982896371867456,0.9997782296701037,0.999778800841602,0.9600830416089885,0.6343306405826602,1.0,0.8867671230775528,0.9475474265189024,0.8956446499111624,0.8555,0.7943564072602496,0.8997695583270855,0.6935823068955768,0.7315,0.7782327838147568,0.7471935862211511,0.7812245021018536,-0.04355930078516412,0.9995,0.9995,0.9998940825462341,0.9951239228248596,0.9772250652313232,,0.7351263002279569,0.999998687120789,0.9999970411047556,0.61,0.7643364936012256,0.9986491151591846,0.9970352133017377,0.9859939743524169,0.9825093743294399,0.9910469192856948,0.9825093743294399,0.7923096418380737
274,0.40207436073064234,-0.07455320656299591,0.3132710926125785,0.8305833782231338,0.48432639033186115,0.5699893518693339,0.340629448157362,0.623,0.5872823159680741,0.6403076301026908,0.4736894249223562,0.617,0.5243875448235403,0.6121069616228678,0.2996019464004866,0.4355,0.17097701062091933,0.08941258138502596,0.17108193294235424,-0.09443808200002117,0.8345,0.624,0.941165030002594,0.9563280344009399,0.913282036781311,,0.5268325331214343,0.7489438818666936,0.7680121733123838,0.245,0.39524452480979233,0.848494143135714,0.7994329453387227,0.6910579958450221,0.23799620474556074,0.644245322266255,0.23799620474556074,0.3450220674276352
275,0.494229249126099,-0.01618507318198681,0.9908411544267245,0.966642391252899,0.9999999999999989,0.9999999999972934,0.9999999924999982,1.0,0.9999999999925034,0.999999999996407,0.9999999954999989,1.0,0.9999999999849161,0.9999999999917485,0.999999987999997,1.0,0.9999999999022348,0.9999999998700794,0.99999999990578,-3.4882208233000256e-11,1.0,1.0,0.9999999403953552,1.0000001192092896,1.0,,0.9999999999820424,0.9999999999999986,0.9999999999999989,1.0,0.9999999999806342,0.9999999999985548,0.7915187258197585,0.6366228583097737,0.18094235711913303,0.652270985311805,0.18094235711913303,0.9999991953372955
276,0.9995562046497974,-0.00041476244223304093,0.9999985265977834,0.9999270369771305,0.9999547963876156,0.9793158941313439,0.7942840340710086,1.0,0.9438671371362687,0.9749513688135477,0.9461607070401767,0.903,0.9210766151061314,0.957040416684203,0.8163279015819754,0.832,0.9329826132874324,0.9220913059644122,0.9332257220911823,-0.013458578790151443,1.0,1.0,0.9999846816062927,0.997397243976593,0.9891343116760254,,0.8809138260689329,0.9999999609156934,0.999999771442373,0.715,0.8785030114624249,0.9999999999985578,0.9999999999981359,0.9999999999970457,0.9913128845019169,0.997828221123914,0.9913128845019169,0.947027176618576
277,0.41136482653541456,-0.06414930522441864,0.4335562757704961,0.9467567456777811,0.30296872571224687,0.44079126124864165,0.18585569396392349,0.4685,0.3935349423769952,0.5194289320610712,0.424187740046935,0.501,0.23726229783292707,0.32859530327985487,0.12943441585860396,0.209,0.03719334360806651,-0.006240490790065624,0.03688353668469754,-0.04486747917959523,0.732,0.472,0.9567133188247681,0.9651599526405334,0.8836309313774109,,0.25510860131475604,0.48237429966784157,0.7889221482901013,0.205,0.254955121766578,0.7915110393279763,0.770173683760381,0.6604148687387777,0.27876610136249586,0.6252164232974077,0.27876610136249586,0.06769365072250366
278,0.31564568252004166,-0.16209247708320618,0.2764453551867231,0.7659921185227374,0.17479119280565383,0.3233288169747896,0.09321953180488295,0.317,0.23424790781696384,0.37802861385029984,0.21643910260977564,0.339,0.18241300464701055,0.24230236648163564,0.023864324966081242,0.142,0.023799197616431747,-0.01950189952136078,0.02440824274820104,-0.05262454541513803,0.721,0.3205,0.942598283290863,0.9461868405342102,0.8723653554916382,,0.17607472919208098,0.31480568438199114,0.49248844777046147,0.13,0.18187187843370634,0.772938087676682,0.7548871550935702,0.7042858874586304,0.29221691018300167,0.631082010102971,0.29221691018300167,0.019564500078558922
279,0.4757319304461,-0.016398856416344643,0.28036934157778276,0.9620169491712834,0.9999472045842671,0.8640690384510838,0.2998901444725361,1.0,0.732642287670098,0.8152037933949604,0.7641787685446921,0.777,0.49750544860219525,0.6284739246847909,0.42129694532423634,0.5125,0.14375105504896354,0.052999098669586006,0.14836628807972668,-0.07698983723514607,1.0,1.0,0.9999530911445618,0.9875876903533936,0.9299279451370239,,0.43888243528344595,0.999993570500662,0.999350613605596,0.355,0.31705535026610937,0.732734518110859,0.7742435990750077,0.6444970012435629,0.1794647029001948,0.582734955332406,0.1794647029001948,0.3264869600534439
280,0.08553609890664349,-0.6209180951118469,0.13959577777258175,0.6168521790448894,0.01949040446028206,0.16469375396328817,0.011870806467701616,0.044,0.03670512182237155,0.1916328611708526,-0.0014685153671288417,0.0525,0.2118493322517156,0.13014244888970808,0.02465964616491154,0.035,0.007605076499507525,-0.024336383363770114,0.005949589822270927,-0.034219146726922604,0.7,0.0495,0.8918716907501221,0.8854103088378906,0.8440678119659424,,0.1016593368031587,0.04249831526381068,0.05638762082439865,0.035,0.08472244919481679,0.7853668514482677,0.7849101721421335,0.6463125711762836,0.2856311428481043,0.6255551844036973,0.2856311428481043,0.0024626494850963354
281,0.4329270657674786,-0.04597350209951401,0.41400788866073873,0.8988734758036796,0.5420697300506409,0.6037920861630787,0.3667341271835318,0.67,0.6335931122004663,0.6840978931190373,0.5132540543135136,0.657,0.5425313536899137,0.6389556460020511,0.3477612104403026,0.461,0.18264584501644487,0.09736546170177278,0.17753636638802522,-0.08664127126288049,0.863,0.669,0.9466747045516968,0.9628960490226746,0.9189839959144592,,0.5592513787780471,0.7718999626931258,0.8125467131214991,0.235,0.41739399348686484,0.8183846435861103,0.7871981655060113,0.6787844097333341,0.23339146902668176,0.6294396719630343,0.23339146902668176,0.36353227496147156
282,0.3947154419641322,-0.01644228585064411,0.34168591337716947,0.9570205447765421,0.999993719114319,0.8752660207008693,0.19982272545568136,1.0,0.6322834348092631,0.7657356252332714,0.6871303432825858,0.7035,0.4196499323702967,0.5208674512643761,0.318005988001497,0.437,-0.04582382398372342,-0.18765210617268258,-0.05847424556829252,-0.159587758974728,0.8585,0.8585,0.9999886155128479,0.9666470289230347,0.8808530569076538,,0.40756410067828824,0.9999998721182618,0.9822495635341126,0.345,0.26658379631904894,0.7644089060994472,0.78883154440997,0.6695018917261657,0.14546690519058678,0.5920523118565425,0.14546690519058678,0.2096213549375534
283,0.8118647810669705,-0.21488530933856964,0.40638151831171915,0.8965429205363579,0.6211823600032143,0.557575229780874,0.3911513777878444,0.7645,0.5017464145948941,0.6094511001548888,0.5207384546846137,0.5955,0.3655404848116096,0.499457486525418,0.19952489588122396,0.336,0.10958594108700889,0.04459099403780569,0.11058672334350064,-0.0740180292698735,0.804,0.784,0.9838163256645203,0.9772364497184753,0.9127763509750366,,0.36153622313354794,0.7783367754487285,0.8806566546077865,0.29,0.3209296746131422,0.9369317529499824,0.9444029547316097,0.874454593843752,0.6509761188756382,0.8516913551002456,0.6509761188756382,0.25900791585445404
284,0.3224303389279012,-0.26326701045036316,0.19881957332246228,0.6744070738500276,0.33710337643140154,0.5060501719084657,0.2321809420452355,0.4735,0.4421260882545046,0.5819936952415802,0.3220060615015154,0.495,0.40884572538260283,0.5067553181951544,0.20452381663095415,0.313,0.10889740711911272,0.046054006838273966,0.10491840700888821,-0.08550644680589242,0.816,0.4645,0.9267546534538269,0.9363537430763245,0.8870484232902527,,0.4171402325584304,0.5380672856650865,0.5820919057896823,0.215,0.3164728813165083,0.8255201800611739,0.8040376292248365,0.7075260322371776,0.26977115392507267,0.6517137488620651,0.26977115392507267,0.19770727306604385
285,0.4478575572069724,-0.037333689630031586,0.38291500895052893,0.8852359416508195,0.5835731725067024,0.6344995828877773,0.39616448254112063,0.714,0.6706914095759353,0.7230503272809041,0.5566132511533128,0.699,0.5495224634211484,0.6477081286622989,0.3389328052332013,0.479,0.20482724924264709,0.10320726099123444,0.21337983451283837,-0.1161763121075938,0.869,0.7205,0.9448156952857971,0.9606677889823914,0.908812403678894,,0.6104007571255875,0.8178970567451708,0.8476911193234125,0.295,0.46260781269716067,0.832517343297131,0.7954020650407196,0.6830588487384107,0.23564493042650542,0.6366557968756916,0.23564493042650542,0.38465917110443115
286,0.463487327923091,-0.04742789641022682,0.3702868374383947,0.9002577218543347,0.5536515503275699,0.5945591162066666,0.343546447886612,0.687,0.6163743170923736,0.6624537615070072,0.5011663147915787,0.6495,0.49212062608050405,0.5819780978353668,0.30623790605947654,0.4405,0.1326352966927829,0.059225744227809025,0.12856229997213192,-0.07623435173196369,0.8625,0.678,0.9521023035049438,0.9617689251899719,0.9148035645484924,,0.5006974663160904,0.7843128999314523,0.8431653343803406,0.255,0.4185638931602994,0.8356379114875051,0.808864352812813,0.6744612102015993,0.22202888144532262,0.63524808898681,0.22202888144532262,0.3220216929912567
287,0.3305016692460989,-0.15902137756347656,0.2802166061954944,0.7631023272402924,0.18257629895668934,0.33370343364641836,0.13817411104352775,0.331,0.24715029804685143,0.39303095923341763,0.23364840291210073,0.359,0.19793407840849067,0.2541495678112865,0.03773557843389461,0.139,0.02515866831369191,-0.021821819971767263,0.021645237445992557,-0.05717375116707187,0.707,0.335,0.9448310732841492,0.9466642737388611,0.8706541061401367,,0.18732698049356494,0.30192077840720616,0.5470687061414746,0.13,0.21079697218317128,0.7912726277256883,0.7635819867230712,0.7049042538673094,0.29785773637462093,0.6394041511726725,0.29785773637462093,0.0161195769906044
288,0.49466263335030614,-0.016920993104577065,0.34409365741262693,0.9617328793152098,0.999991899161981,0.8794205734208289,0.41434165058541267,1.0,0.767452026615292,0.8323740484810312,0.7998890464722617,0.7985,0.544487705543501,0.6489218488742082,0.4543150570787643,0.537,0.1497933876362846,0.0713615964732157,0.15631517140717735,-0.09702915533377707,1.0,1.0,0.9999836683273315,0.9882086515426636,0.9383005499839783,,0.5007621690828017,0.9999985238797623,0.9999305162121227,0.355,0.30831658134326856,0.7725555009952122,0.7649772931080254,0.6391546656043852,0.17462258851739595,0.5878275120562546,0.17462258851739595,0.3573087900876999
289,0.465626390463157,-0.016512464731931686,0.3651231484940556,0.9625898761660148,0.9994199706876107,0.8514668498148978,0.30435532608883153,1.0,0.7247199530861073,0.8086095899429656,0.761308103827026,0.7635,0.5021754913100835,0.6312617756457874,0.4051232692808173,0.512,0.13712437254198545,0.062492113175745344,0.13311816160490442,-0.08169835326979254,1.0,1.0,0.9997133016586304,0.9868407845497131,0.9326741099357605,,0.45881986408939524,0.9999639559919107,0.9944408878578763,0.36,0.3437876731780037,0.8199319200688178,0.7660023974394745,0.6221695819028419,0.1872637845683098,0.598841920994861,0.1872637845683098,0.33524878323078156
290,0.28927771764887833,-0.16905200481414795,0.2607511813645756,0.762127299295985,0.18046883524952098,0.3275192430826505,0.12897648224412056,0.33,0.2360668782572797,0.38166328730796384,0.25267051966762993,0.3435,0.19458800610137642,0.2507661875476281,0.06693614423403606,0.149,0.0328928484051987,-0.013191112980016795,0.03080469411680718,-0.054438755854430275,0.6855,0.321,0.9501157999038696,0.9518929719924927,0.8777700662612915,,0.1693136790988434,0.3168666418331245,0.5139285249600714,0.2,0.20853515734324715,0.7748721767769441,0.7598428892366753,0.7070216455981155,0.29251772986323654,0.6335636103687429,0.29251772986323654,0.016825523227453232
291,0.3369187334263216,-0.3864126205444336,0.20109865224076032,0.7067882282571397,0.683635641253915,0.7559727816132058,0.40751850737962686,0.805,0.6681670799818707,0.7885251828410219,0.6842915370728843,0.725,0.43823868691579454,0.5963508672956495,0.331765987941497,0.4525,0.09860813077389091,0.019131907278623066,0.09374782285597358,-0.09732777371986562,0.9045,0.8095,0.9854850769042969,0.9821933507919312,0.9258888363838196,,0.4325892884149905,0.8722378449172187,0.9740386819536455,0.295,0.28955831873921256,0.8233382970460386,0.8094890440502435,0.7089011121900878,0.2444405813175342,0.646542258650976,0.2444405813175342,0.22143137454986572
292,0.39691171365810174,-0.072065070271492,0.44088063844731795,0.9443581485075032,0.3023584005777839,0.44087569850808817,0.19073861668465417,0.487,0.38871045966588197,0.5221354465749355,0.414533460133365,0.498,0.25883294759707126,0.33222942520206594,0.07701087875271968,0.211,0.040148980789669914,-0.014296312614230127,0.03976254646209734,-0.05371529746974858,0.7245,0.473,0.9574459791183472,0.9663202166557312,0.8820717930793762,,0.25612908934424594,0.5232821555412106,0.7856002838630218,0.19,0.24333948566939226,0.7932231751858349,0.7727352837826723,0.6660492275708818,0.2753595390275395,0.6268418063917321,0.2753595390275395,0.07609612122178078
293,0.4415621432857839,-0.03790963441133499,0.39826215585819447,0.8836549457869299,0.5794286097494268,0.6390231527485555,0.3846174136543534,0.7095,0.6699707991066642,0.7268556865370449,0.5828246027061507,0.6985,0.5530843361324566,0.6500987329910265,0.30794693298673326,0.477,0.20721294741510166,0.10073269894065509,0.2123571096068086,-0.10570657720946822,0.865,0.7065,0.945337176322937,0.9614809155464172,0.9027846455574036,,0.6051355423734968,0.8370505199636121,0.8447814612004013,0.3,0.4694345373766399,0.823734500899603,0.7993782184246341,0.6734237898349729,0.2287023822012012,0.6313097228401027,0.2287023822012012,0.3715169280767441
294,-0.0012833595953261133,-0.0881149172782898,0.804608429606844,0.03911184560607987,0.9999999999999974,0.999999999996922,0.9999999909999977,1.0,0.999999999990865,0.9999999999958804,0.9999999984999997,1.0,0.999999999982733,0.9999999999906473,0.999999987999997,1.0,0.999999999892957,0.9999999998520864,0.9999999999004908,-3.3686164968571575e-11,1.0,1.0,0.9999999403953552,1.0,0.9999998807907104,,0.9999999999789959,0.9999999999999988,0.9999999999999991,1.0,0.9999999999805363,0.9999999999985234,0.9999999999980352,0.9999999999963874,0.9999999999979445,0.9999999999977227,0.9999999999963874,0.9999996423721313
295,0.030137927220707503,-0.08650343120098114,0.5443581352790994,0.0227336489371991,0.9999999999999987,0.9999999999968773,0.9999999939999985,1.0,0.999999999990418,0.9999999999957939,0.9999999969999992,1.0,0.9999999999826098,0.9999999999905131,0.9999999894999974,1.0,0.9999999998929042,0.9999999998641607,0.9999999998998098,-3.376332546878302e-11,1.0,1.0,0.9999999403953552,1.0000001192092896,1.0,,0.9999999999773487,0.9999999999999989,0.9999999999999989,1.0,0.9999999999752668,0.999999999998498,0.9999999999980089,0.9999999999963436,0.9999999999979382,0.9999999999976971,0.9999999999963436,0.9999988973140717
296,0.148985172169865,-0.476164847612381,0.15113771260124345,0.6200235674491367,0.1264303111566008,0.3470597473890355,0.07597208049302012,0.2095,0.192196218319637,0.41639102586546944,0.09646192811548203,0.2195,0.2816929897643793,0.36020579607258246,0.07054720313680078,0.1505,0.04173789078075144,-0.011135213202883264,0.04328091827406929,-0.054757704961197584,0.7435,0.19,0.842792272567749,0.840232789516449,0.7840878367424011,,0.24395793303179958,0.21335871281934865,0.24238614598223482,0.105,0.25460618518866973,0.8157388986014382,0.7783591148345388,0.6962448579623126,0.3457753027245055,0.6590295435306988,0.3457753027245055,0.03588538430631161
297,0.48274300567984185,-0.07723882049322128,0.2708793793028533,0.9192154952398918,0.999853740523191,0.8130981293672046,0.46144067536016886,1.0,0.7496409550189641,0.7924235271538991,0.792813552203388,0.785,0.5131469831942902,0.6115081312323575,0.3916740544185136,0.522,0.14978435752241684,0.07292425947142066,0.1526101047545967,-0.06987257307409295,1.0,1.0,0.9998795390129089,0.9889983534812927,0.9390050172805786,,0.47068148000831544,0.9998946079130671,0.9998841161752307,0.37,0.350731727976696,0.7464719251485294,0.7649966289259991,0.6393898964394611,0.22061324839446245,0.592867924727113,0.22061324839446245,0.3197697848081589
298,0.470465386558906,-0.01658492162823677,0.24321700376142466,0.9618148170386347,0.9999271609333933,0.8572370504738682,0.2906015556503889,1.0,0.7346728510573193,0.8107116345307417,0.7702581410645353,0.7825,0.5008547678320343,0.6232774675185851,0.426523308130827,0.5185,0.14711540360697384,0.06842640502595154,0.14112427174113776,-0.10328887822480776,0.9995,1.0,0.9999330639839172,0.9874124526977539,0.9366575479507446,,0.441828656263832,0.9999941550311293,0.99520537582372,0.355,0.31538732178830686,0.7643342347106789,0.7701756476286995,0.6298852997220131,0.18248895892782543,0.5867210352473042,0.18248895892782543,0.34510037302970886
299,0.455354505933955,-0.03215498849749565,0.41409160942541445,0.9326030493981742,0.5917101104554896,0.6073766167313788,0.370213660053415,0.7155,0.6526712630635269,0.6879065204462786,0.5713454898363725,0.6805,0.513062491217774,0.6025501378785437,0.31474182968545744,0.449,0.13990596986496087,0.06646295573148527,0.14067165723400618,-0.0770564487838616,0.8765,0.715,0.952842116355896,0.9672800302505493,0.9164318442344666,,0.5139241349756868,0.8057805114086529,0.8619642242544239,0.265,0.4049894080260032,0.8374187444069288,0.7981736408644122,0.671718029022233,0.21814204982986604,0.6313631160308599,0.21814204982986604,0.33087924122810364
300,0.9999056607630594,-0.000201456670765765,0.999639999938618,0.9999999999999949,0.9999981995189632,0.9921075911624068,0.909912927978232,1.0,0.982156287139426,0.9913752911007465,0.9798630994657749,0.949,0.9667828353844521,0.9879389575123119,0.9084738696184674,0.8955,0.9810874057133238,0.9759186959781216,0.9810797779428596,-0.005408080867518983,1.0,1.0,0.9999961853027344,0.999121367931366,0.9957284927368164,,0.9598080634610966,0.9999999973769448,0.99999997148147,0.915,0.9617375683738628,0.9997699451274452,0.9992772678280054,0.9983183817995308,0.9969243160209074,0.9985724776939722,0.9969243160209074,0.9543245732784271
301,0.48346785803290426,-0.01599622517824173,0.40028151672369117,0.9627155679914695,0.9997393074416843,0.858460759443503,0.321655263913816,1.0,0.7194303889511464,0.8035465257843181,0.731735663933916,0.7645,0.4824888525678767,0.6187628102650508,0.4212479463119866,0.5085,0.1238463983017405,0.036053227465473285,0.1240300600202211,-0.08074766489276643,1.0,1.0,0.9998295903205872,0.9859689474105835,0.9366163015365601,,0.4304846397409165,0.9999552711920325,0.9928149709582057,0.355,0.30231828338524036,0.8069938414446536,0.7836124926762645,0.6323264030157573,0.18131464684803,0.6010618459961763,0.18131464684803,0.2945750951766968
302,0.48568380926499644,-0.015084250830113888,0.39774134371121983,0.9587724301369613,0.9987148852984495,0.8643310014191818,0.44944197136049285,1.0,0.7775974180112591,0.8231696030581723,0.7923817545954387,0.7935,0.5817796201627875,0.6638977472776304,0.4370639862659966,0.544,0.1532905703711191,0.07484878454875607,0.15168628427089134,-0.0706763227498442,1.0,1.0,0.9992602467536926,0.9839972853660583,0.9338018894195557,,0.5623330185066573,0.9983353105545688,0.9989330673923856,0.36,0.3949068028817361,0.7878807515544122,0.7774976543944508,0.6249521814382103,0.19406382148459408,0.5960986022179168,0.19406382148459408,0.34721072018146515
303,0.49796676655531075,-0.01744692213833332,0.22924651891825693,0.9608079161239169,0.9999934576420332,0.8700081328389673,0.3479326724831681,1.0,0.7517362900741321,0.8149204679603568,0.7779464634866159,0.797,0.5072432294602601,0.6216380277680117,0.47566641941660487,0.53,0.07648776084702291,-0.0009525114552471992,0.06860535810864186,-0.07884348757504853,1.0,1.0,0.9999873638153076,0.9866310358047485,0.9387712478637695,,0.44782886499119,0.9999993098370797,0.9995310456898464,0.36,0.3131864648464652,0.8075952329467773,0.7748713367605362,0.6241476272429339,0.1823152493642122,0.5972323615786149,0.1823152493642122,0.27526699006557465
304,0.47616039645061514,-0.016023831441998482,0.39685317070389126,0.9629296935716352,0.9999931161021556,0.885308427683875,0.4579534744883686,1.0,0.7560313105019767,0.8354441279111955,0.7917900014475003,0.789,0.5364314186634231,0.6546762711979573,0.4544186756046689,0.5385,0.1529854322472232,0.06312871366010878,0.15607507320452885,-0.09622494076404368,1.0,1.0,0.9999862909317017,0.988678514957428,0.9411872029304504,,0.4704600314601446,0.9999996428056389,0.9995135229852719,0.35,0.30372829343993507,0.8060782289944981,0.7895329603704565,0.641363089365898,0.17870608554833853,0.6039200910697978,0.17870608554833853,0.3306552469730377
305,0.48555639353406765,-0.016720345243811607,0.38393452221163266,0.9623988484011111,0.9999884494989967,0.8799610654535385,0.4172998733249683,1.0,0.7646278670032579,0.8327041636132223,0.8090496492624123,0.796,0.545451598098151,0.6539666723885285,0.4645291191322798,0.549,0.15281434015054257,0.0712550576342627,0.14944442975819033,-0.08733666624867495,1.0,1.0,0.9999706149101257,0.9888966679573059,0.94229656457901,,0.4943013862267147,0.9999990681369373,0.9999438083180524,0.35,0.2951701119396329,0.8178154436160002,0.775197153474119,0.6344515847015159,0.18187689267871143,0.6023352686175866,0.18187689267871143,0.34307676553726196
306,0.9762812566888663,-0.04697352275252342,0.8829830182893584,0.9854228602615405,0.9956179523938825,0.8552805854040124,0.48098673924668484,0.9985,0.7795049648899013,0.8541950631871847,0.8089258947314737,0.798,0.5925540322698519,0.7409256373643633,0.45366392491598123,0.576,0.44842279532670115,0.3920966563034027,0.45068356346582716,-0.06792013481793113,0.998,1.0,0.9995385408401489,0.9883962273597717,0.9464409351348877,,0.5539903451450054,0.9993838142654355,0.9999918161874091,0.465,0.46955156032223105,0.9958652950502206,0.990075156722333,0.9658190114667135,0.9137140833277363,0.9663683866417508,0.9137140833277363,0.6006830334663391
307,0.48176563297422015,-0.0167838167399168,0.305729643710212,0.9618733086199385,0.9999881295419808,0.8369718077110457,0.362020604005151,1.0,0.7627298873830672,0.5196475700488796,0.7984205266051316,0.798,0.5478440782930024,0.39359472043652105,0.47915702228925555,0.542,0.08264197768939906,0.03196251183923517,0.0780367211979127,-0.06126504302941965,1.0,1.0,0.9998501539230347,0.9794661998748779,0.9175704717636108,,0.49545593584549485,0.9999951113779874,0.9998932536997291,0.345,0.29051671718821537,0.8183212911401111,0.7816906172895064,0.6339852512734963,0.22148850501464856,0.6138714161794406,0.22148850501464856,0.26458628475666046
308,0.24782191084373564,-0.41178756952285767,0.17886891638002692,0.6331546202302707,0.09640109408782258,0.2729248825786168,0.03553474488368622,0.1665,0.137090535008818,0.3220520926970047,0.07715945978986495,0.16,0.25276869391793055,0.2710855559299649,0.03978074344518586,0.0995,0.029440218534971016,-0.007672581873659117,0.02626525704503508,-0.04728628223394044,0.6085,0.1575,0.9163531064987183,0.9051636457443237,0.8585076928138733,,0.1723487506892523,0.12313866595825589,0.18314287740531304,0.095,0.16860526202247467,0.8242871574365874,0.793944112061388,0.6900445201878562,0.272553455525298,0.6452073113027824,0.272553455525298,0.03264808561652899
309,0.4706711521034992,-0.016228029504418373,0.3515073620158396,0.9626961830577433,0.999986272289634,0.8855565677407203,0.4295873618968405,1.0,0.7559357751504753,0.8339069999298695,0.7991742107935527,0.787,0.5178580638629847,0.6502883981351182,0.44745656936414235,0.523,0.1533228323895956,0.06694102788351249,0.16232927994075713,-0.09156709735674681,1.0,1.0,0.9999839663505554,0.9884154796600342,0.9399271607398987,,0.4742235050626391,0.9999652379521515,0.9999490070657346,0.35,0.3207345186168633,0.7933789135905425,0.7806550023526951,0.6322269142351169,0.17514867494461073,0.5953523762807413,0.17514867494461073,0.3392885625362396
310,0.22911022869440256,-0.215291827917099,0.17425666527062444,0.6356731496825673,0.2529966657901996,0.507694259869764,0.13600134550033638,0.379,0.35533097266159713,0.5893934418006218,0.19839382509845627,0.3865,0.3895502651374386,0.5250881168606312,0.15743504585876147,0.252,0.08628809230669258,0.024879610548285094,0.08751027359732147,-0.06604753074127896,0.769,0.372,0.8475975394248962,0.8514319062232971,0.8021059632301331,,0.4175161202653137,0.385844921113402,0.4207170217615456,0.17,0.3583822888347166,0.834106905465123,0.794730236503787,0.7022345681024922,0.30234488787415426,0.6583541494863892,0.30234488787415426,0.1343809813261032
311,0.4725159821969814,-0.01630840264260769,0.28005172862382,0.9620616352618958,0.9999914249344597,0.8837330500408531,0.43359919989979995,1.0,0.757545046441665,0.8344040416984279,0.8007822306955577,0.7905,0.5429307524623712,0.6450305961320024,0.45463205065801265,0.547,0.15383588776814627,0.07112515808905455,0.16067791458318711,-0.08662717121757404,1.0,1.0,0.99998539686203,0.9887816905975342,0.934956967830658,,0.4678425130825007,0.9999988358711961,0.9991384714651552,0.35,0.3043760665634368,0.732734518110859,0.7742435990750077,0.64446417345846,0.17746704815140724,0.5822273346989335,0.17746704815140724,0.33644263446331024
312,0.48527799068652866,-0.016812501475214958,0.41035030454454624,0.9602804785530883,0.9999649377116293,0.8387797403602186,0.3456505419126355,1.0,0.7663898190217794,0.5302148417081387,0.7838880594720149,0.798,0.5520761022669257,0.42042113170144774,0.4903920340980085,0.555,0.08117602428240216,0.0219775431519253,0.07999842053353931,-0.0690516053678911,1.0,1.0,0.999846875667572,0.9804444909095764,0.9233697652816772,,0.501135802556745,0.9998700724348298,0.9973018200860531,0.345,0.2851361745997455,0.8092005635801071,0.7830673709947291,0.6259304541704532,0.21880109417362859,0.6092498707297295,0.21880109417362859,0.28605952858924866
313,0.9999417129225971,-0.00016826829232741147,0.9999240913198223,0.9999999999999949,0.9999987696310504,0.9971728809689923,0.9648002322000581,1.0,0.991011057674243,0.996446480851943,0.9896987714246929,0.966,0.9778052783449532,0.9921021995518698,0.9410934687733672,0.9145,0.9867639546161042,0.9818203881075445,0.9871986750828807,-0.004398519399604561,1.0,1.0,0.9999984502792358,0.9995611906051636,0.9976624250411987,,0.9796284185159707,0.999999999043882,0.9999999794866916,0.925,0.9771092228501949,0.9999167780687351,0.9996005884021968,0.9988198915673734,0.9988134047099766,0.9992876656870704,0.9988134047099766,0.9637399315834045
314,0.27361590539967867,-0.2199811339378357,0.19002208489018957,0.6601264243080466,0.33278931497604325,0.5109151717581557,0.20459269064817268,0.4715,0.44286927559972555,0.5843057211894184,0.30944205086051274,0.483,0.41367391599273373,0.5183929247340999,0.19173580793395198,0.2985,0.09589217270785934,0.03597897235276096,0.0934807685350976,-0.07397836010891082,0.8045,0.4485,0.9118437170982361,0.9194031953811646,0.8704637289047241,,0.45918492948015016,0.5290505249742011,0.5537602614009121,0.205,0.32743694596984824,0.832435984434492,0.8106091772779459,0.712221653214609,0.28674400855769683,0.660502705871186,0.28674400855769683,0.19397889077663422
315,0.48518356573028154,-0.016322508454322815,0.9909259098529883,0.9663764971900827,0.9999999999999983,0.9999999999972533,0.999999987999997,1.0,0.9999999999923048,0.9999999999963628,0.9999999939999985,1.0,0.9999999999861912,0.9999999999918757,0.999999987999997,1.0,0.9999999999023285,0.9999999998751945,0.9999999999069297,-3.043254537260509e-11,1.0,1.0,0.9999999403953552,1.0000001192092896,1.0,,0.9999999999814998,0.9999999999999989,0.999999999999999,1.0,0.9999999999788498,0.9999999999985548,0.7925924036339997,0.6411658869366019,0.17789866939926163,0.6529142399921045,0.17789866939926163,0.9999992549419403
316,0.2981092416241714,-0.26780936121940613,0.2040464821396123,0.6721024583079195,0.32122869092832923,0.4984430270777113,0.23474041668510418,0.458,0.42049326340437027,0.5740044768308087,0.3093490508372627,0.481,0.40378888876871427,0.5065334967684555,0.20677901619475406,0.3245,0.10413333866466988,0.024386907567861323,0.09867808576170459,-0.08863326835353723,0.8065,0.4485,0.9263414144515991,0.9366437792778015,0.8857761025428772,,0.39773531325786965,0.5320951131679441,0.5619976807236237,0.2,0.30961511120774066,0.8317912837053653,0.8079370148246514,0.6996411306703963,0.27480420264929317,0.6535434079624265,0.27480420264929317,0.20338531583547592
317,0.3967488761943618,-0.03145158663392067,0.30600031223156227,0.9414957299894972,0.9999932926889332,0.8498288495571931,0.25068794817198703,1.0,0.6332048605367685,0.7498823783921432,0.6671628572907143,0.696,0.4184382863880224,0.5228918501543897,0.33193534548383635,0.4215,-0.01573619371622025,-0.1393797600125678,-0.012060472157940587,-0.12596941384328827,0.863,0.863,0.9999876022338867,0.9762123823165894,0.8996750712394714,,0.39394597012104493,0.9999988884113657,0.9761662750983529,0.345,0.2696226104087738,0.7512465181767944,0.7946714400648565,0.6791559306381896,0.19325155250675013,0.6045813603466477,0.19325155250675013,0.21928540617227554
318,0.9983026190647416,-0.001209149369969964,0.9998873057475279,0.9999999999999949,0.99999553330273,0.9857886285398754,0.8953958793489698,1.0,0.97793467475698,0.9842944507301676,0.9770779377694845,0.942,0.9538404262164603,0.9681332143694412,0.8876214194053549,0.88,0.9500322710202763,0.9390179970024639,0.9513578036066059,-0.011428781780106867,1.0,1.0,0.9999904632568359,0.9989896416664124,0.9942585825920105,,0.9510906534963344,0.9999999936189764,0.999999227066607,0.795,0.9362702629065934,0.9998592097921792,0.999520897701246,0.9982238201894856,0.9892881850479732,0.996723028182721,0.9892881850479732,0.9353489279747009
319,0.4411611612805795,-0.03676525130867958,0.38324387474223365,0.8833436110563465,0.5799908485244957,0.606413464356628,0.35164429891107474,0.7165,0.6345085010843119,0.6824381373543769,0.5493955973488993,0.6675,0.5042267606370393,0.5884262981564725,0.29523994980998747,0.446,0.13228184357176678,0.03434778063656354,0.1349955797141546,-0.09719009447092111,0.8825,0.714,0.9474255442619324,0.9601488709449768,0.8945614695549011,,0.5427659773642757,0.7832403742863971,0.8390458583451773,0.245,0.41782349399274826,0.827492430777877,0.8020477969382652,0.683813856235179,0.22600205144828528,0.6348390338499017,0.22600205144828528,0.3157397657632828
320,0.9853999049212557,-0.004874530714005232,0.9991496814607929,0.9948765770367679,0.9809763995223026,0.8867923938602696,0.547784851946213,0.988,0.7648231903884148,0.8731361417004005,0.794359292089823,0.78,0.6630880590779686,0.7965641070668223,0.48648204462051114,0.6005,0.5925968262810674,0.5342641099019846,0.5932360038580342,-0.06445663207617036,0.9915,0.9955,0.9978277087211609,0.9888571500778198,0.9512778520584106,,0.5949064109307108,0.9975090726623278,0.9979072022979069,0.445,0.5921535507982215,0.986643241435883,0.9685554821980747,0.9244447002504212,0.9410813100769988,0.9551811834903444,0.9244447002504212,0.6600304543972015
321,0.4432865521929458,-0.018389275297522545,0.32191219261025145,0.9520118604557056,0.9999938293297632,0.8725817347832727,0.19419096054774013,1.0,0.6302989080878912,0.7611005446678437,0.6715671913917979,0.69,0.4254188186311791,0.518076678827746,0.31860158715039677,0.43,-0.02698547751821247,-0.15437878571297936,-0.01878095414785215,-0.12445915170701552,0.879,0.879,0.9999886155128479,0.9674472212791443,0.8850412964820862,,0.40557700801925745,0.9999997330722903,0.9862306432877945,0.345,0.26311484213843817,0.7852627362593131,0.7854884961710078,0.6739718108033769,0.15371530970615788,0.5996095882349639,0.15371530970615788,0.21287596225738525
322,0.49830241545349613,-0.015950944274663925,0.3190016009349389,0.9601946208551523,0.9999907437798788,0.8840643101581434,0.43219045954761487,1.0,0.7635357830683687,0.8366435830940941,0.7999857214964303,0.799,0.540243122400552,0.6549279094441147,0.4531998592999648,0.548,0.15574711083785248,0.06723812694525491,0.15414938803405087,-0.08009501707337309,1.0,1.0,0.9999836683273315,0.9888624548912048,0.9398284554481506,,0.5014189325016611,0.9999895667004169,0.999785995055371,0.345,0.3004858177672028,0.7979624082262458,0.7773341144448959,0.63375481436747,0.1692446482981636,0.5945739963341938,0.1692446482981636,0.3450995534658432
323,0.47073426845403077,-0.10768071562051773,0.289220508968945,0.8990966582712012,0.77125885976421,0.6679026463352358,0.36671992817998206,0.8615,0.6806955291945617,0.7000238818144059,0.7010759007689752,0.738,0.4060999742208447,0.5342645934447129,0.3265707861426965,0.4415,0.08050383377985465,0.00861072656826218,0.08098428972598327,-0.05990908472143146,0.9255,0.86,0.9911932945251465,0.984173595905304,0.933090329170227,,0.41968033414431244,0.9245287017109389,0.9856883882231928,0.315,0.30081216383273,0.8363330170684885,0.7998379065603936,0.6792369129927002,0.2617700710116061,0.6442944769082971,0.2617700710116061,0.23247383534908295
324,0.20167076551044916,-0.3216617703437805,0.1577422583633893,0.6273551208259588,0.19820062749415515,0.4410924666161157,0.10866427066606767,0.314,0.28092127680976114,0.5164020788461753,0.16584343146085787,0.328,0.3521773591370909,0.46088556060415337,0.12120100830025207,0.228,0.06621967651715707,0.0014697820327735577,0.06488581175336149,-0.06262541688679242,0.752,0.3135,0.8434113264083862,0.8516628742218018,0.8016326427459717,,0.313299157348254,0.32632134428102505,0.36040778646993693,0.16,0.3320432496597621,0.8195316516590712,0.7887582498578397,0.701361587877345,0.32182624152545686,0.6578694327299281,0.32182624152545686,0.0780690461397171
325,0.4491477888877197,-0.04575410485267639,0.3955481746847637,0.9016148478909461,0.5602916853680151,0.6087555931055803,0.3459674274918569,0.7025,0.6269876072425324,0.6874141856432731,0.5204033786008446,0.6625,0.500570621609201,0.5945877164354245,0.3293968303492076,0.4385,0.13353812744372914,0.06166185980175433,0.13647863130291182,-0.06987174833013479,0.8665,0.687,0.9498385787010193,0.9625957012176514,0.9101600646972656,,0.5188900182143928,0.775098562898175,0.8345690049068157,0.255,0.4140920052034217,0.839264088331982,0.7914701945639406,0.6755931496274807,0.22272706671509573,0.6322636248096247,0.22272706671509573,0.3241051435470581
326,0.4443058507125424,-0.046135324984788895,0.399804723939896,0.8960695970148214,0.5350049735876398,0.6029475440435449,0.3561745055436264,0.677,0.6314116575792802,0.6837863001614806,0.5182004975501244,0.6595,0.5480255484916969,0.6423492753029181,0.34939589134897286,0.466,0.18769911993597013,0.1106671197845305,0.18361358033224673,-0.08362320799638956,0.854,0.674,0.948644757270813,0.9631537795066833,0.9192562103271484,,0.5528926661950118,0.7844031207506809,0.811250581398635,0.245,0.43730047913351067,0.806411400744957,0.7897053142786356,0.6869113967838902,0.2296053304548018,0.6281583605655712,0.2296053304548018,0.3600454181432724
327,0.46088821027016363,-0.016460364684462547,0.3204454819110807,0.9614522618711167,0.9995444221503378,0.857583409582113,0.3271401532850383,1.0,0.7245467098573892,0.8056668221905858,0.7689736262434066,0.771,0.46500621642683193,0.6014398841597006,0.3700812535203134,0.4795,0.12469345228381917,0.042808345928834805,0.1220915165697758,-0.0867126886767976,1.0,1.0,0.9998283386230469,0.9872460961341858,0.927043616771698,,0.4227778334944277,0.9998501890437521,0.9961931336793259,0.34,0.3189600233762743,0.820313336882932,0.7687830126552287,0.6256150000904258,0.17842696077647657,0.5982845776012657,0.17842696077647657,0.3175473064184189
328,0.33171889960254985,-0.3811672031879425,0.20799711767156281,0.7170528113822116,0.41638466917264777,0.4965328795743693,0.28093842873460717,0.6055,0.44471893570587495,0.5547144524041612,0.4319500934875234,0.55,0.3288418780044775,0.43503896448656104,0.12341914885478722,0.266,0.06878200763393935,0.015533264253694569,0.07028036419481615,-0.04599997885735458,0.756,0.6215,0.9670521020889282,0.9692264795303345,0.9011217355728149,,0.33910691223369127,0.6068128888364601,0.7965879731096438,0.22,0.2995707785303312,0.8232330153552633,0.8086601385205543,0.7086239335081305,0.26049504166950926,0.6502530322633644,0.26049504166950926,0.16667355597019196
329,0.4125027831753696,-0.06481274962425232,0.4976671989769704,0.9448835174123069,0.3227998969004349,0.4522202189464906,0.21099377724844431,0.4985,0.3988768688493665,0.5286290243270716,0.4314237373559343,0.511,0.25996689632943826,0.3412634914179638,0.10379351444837862,0.2265,0.035258233576701374,-0.01114119174546053,0.03395544333251324,-0.04835500407779421,0.7375,0.498,0.9604374766349792,0.9678705334663391,0.8870515823364258,,0.26137474235237995,0.5134629062159255,0.7857738126038987,0.215,0.23465065217590825,0.8170923423412894,0.7775847536979665,0.672960893040355,0.2749320186772864,0.6356425019392243,0.2749320186772864,0.0697513297200203
330,-0.08783412173861725,-0.6630949378013611,0.14310331069042925,0.6167357737448075,0.021934615762190884,0.10318377557876293,-0.007579290394822599,0.0395,0.038954373344941805,0.12948211463596224,-0.02701775475443869,0.0295,0.20290274658117083,0.11591422487030296,-0.004605805151451288,0.0185,0.005632164317090329,-0.02532106061118377,0.007644037935619403,-0.03478482339692503,0.6825,0.0325,0.8976343274116516,0.8839094042778015,0.8140459656715393,,0.09923496760256469,0.036968164701257064,0.0576856463111542,0.025,0.08241904991969798,0.7515301736248382,0.7479204368851642,0.6611295393249953,0.32500137112104793,0.6213953802390114,0.32500137112104793,0.0020500750397332013
331,0.4767607614167338,-0.016705388203263283,0.5519093410404179,0.9640314322204071,0.9999925941400785,0.882533091441116,0.45554251488562875,1.0,0.7656352721705892,0.8331973227316121,0.8063888735972184,0.8005,0.5452961219643642,0.6569952238352105,0.4402114535528634,0.542,0.15086852097099576,0.06498061964720142,0.15940549770973644,-0.1093510935406455,1.0,1.0,0.9999859929084778,0.9882816076278687,0.9404966831207275,,0.4872138812171426,0.9999987388471069,0.9999000657218274,0.345,0.29536021701588244,0.8064845637003514,0.7766018760537527,0.6378225571655357,0.1717912346978321,0.598175057904368,0.1717912346978321,0.34480589628219604
332,0.47174370826673173,-0.08562158793210983,0.35823370450866737,0.9312902440782233,0.6474517278370497,0.5835836834816734,0.4302205570551393,0.7665,0.6783830490822609,0.661200163779301,0.6302434155608538,0.718,0.5101422668821398,0.5986268995247753,0.345187023796756,0.4985,0.1695959430129127,0.10512108294504076,0.17815431545817825,-0.0729016307181688,0.875,0.75,0.9863680005073547,0.9826064109802246,0.930762767791748,,0.5150341308170064,0.89068768880207,0.9570591803078474,0.27,0.3507891994550866,0.8124106228434733,0.7820981199270077,0.6492076740775069,0.2355991110941009,0.6198288819855221,0.2355991110941009,0.38940495252609253
333,0.4986717160935157,-0.016102420166134834,0.32023184522433384,0.960182969167515,0.999988936185278,0.8830286614067738,0.4323909390977348,1.0,0.7641442660037981,0.8360562738889065,0.7978262954565739,0.798,0.5353928282155502,0.6530925296235723,0.459750903937726,0.542,0.15561192675131913,0.07445290995319472,0.15243870897389225,-0.08572940776916532,1.0,1.0,0.9999805092811584,0.9888057112693787,0.939059853553772,,0.5009734965664074,0.9999832564473071,0.9998970503560519,0.345,0.300774828802691,0.7977597519626949,0.7776460492413855,0.6343957226923936,0.1704713721577209,0.5950682240135488,0.1704713721577209,0.34000374376773834
334,0.4763971562112082,-0.01706780679523945,0.5538068040945411,0.9639539680855019,0.9999926886807059,0.8816384377162825,0.45369965792491446,1.0,0.7641138087801409,0.8322684976275069,0.8032947778236944,0.797,0.541984233749618,0.6569996834715184,0.4432119148029787,0.5415,0.15021331739325255,0.05293722104011584,0.15895734146527818,-0.1123094611101613,1.0,1.0,0.9999840259552002,0.9882389307022095,0.9412130117416382,,0.4851834035638252,0.999998704437599,0.9997928191523003,0.345,0.2964225301320656,0.8077971815451892,0.7766530286185563,0.6378856101626652,0.173764835001272,0.5990251638319206,0.173764835001272,0.34887753427028656
335,0.4730057806808804,-0.09715873003005981,0.3386791166010588,0.9043723962830132,0.9152873289958395,0.8934839779953412,0.6594785788696447,0.9515,0.7859118474361385,0.8563964294347118,0.820106404026601,0.8155,0.5713160573604114,0.6894982852081311,0.4823580725895181,0.5615,0.22489652280749176,0.14580123187728442,0.22420436247443717,-0.0846586792814858,0.9835,0.963,0.997340202331543,0.9893813729286194,0.9483840465545654,,0.5389954003919691,0.9845566710550961,0.999980910654113,0.31,0.32337841081595264,0.8234347832189938,0.805649537630698,0.6582054196574514,0.20691845252515978,0.6235520482580758,0.20691845252515978,0.3841064125299454
336,0.45296693886567246,-0.186470165848732,0.2842735501430046,0.8967231155952401,0.7670712340503544,0.5948062240851442,0.3529459287364822,0.858,0.5041135699958199,0.6215816647925511,0.5334883288720822,0.6185,0.3149552346603027,0.45040976375874586,0.19972458943114735,0.3115,0.09361034863012811,0.025090804606441305,0.09515580133277363,-0.06861313965099675,0.854,0.888,0.9907046556472778,0.9779097437858582,0.908338189125061,,0.3048426711432017,0.8887293842963829,0.9361338326444103,0.29,0.3115866962887172,0.8318873922933698,0.7633786861618613,0.6560042124027391,0.26641367489595963,0.6294209914384825,0.26641367489595963,0.25537948310375214
337,-0.005461221183319446,-0.08874695748090744,0.6653928447128585,0.022120217385588253,0.9999999999999991,0.9999999999968959,0.9999999819999955,1.0,0.9999999999915282,0.9999999999959284,0.9999999939999985,1.0,0.9999999999831896,0.9999999999907525,0.9999999894999974,1.0,0.9999999998935557,0.9999999998679368,0.9999999999014553,-2.7334912111598442e-11,1.0,1.0,0.9999999403953552,1.0000001192092896,1.0,,0.9999999999807744,0.9999999999999988,0.9999999999999988,1.0,0.9999999999780472,0.9999999999985344,0.9999999999980582,0.9999999999963843,0.999999999997951,0.9999999999977319,0.9999999999963843,0.9999990165233612
338,0.4537586634132674,-0.017331590875983238,0.3250802705273507,0.9630708947116027,0.999990445822308,0.8811932000125714,0.40666275416568853,1.0,0.7643196201488699,0.8298631181220804,0.8046178666544667,0.797,0.5385359020465671,0.6575679869051977,0.42713491978372997,0.538,0.14418169976255615,0.07418745142769136,0.14001800804122566,-0.08095953001417257,1.0,1.0,0.9999840259552002,0.9876313805580139,0.9384530782699585,,0.46976563157068907,0.9999991768390801,0.9994145564459068,0.35,0.3067241075346222,0.7989919214755504,0.7900638923058682,0.6323774996147559,0.18443575568773177,0.6014672672709765,0.18443575568773177,0.335665762424469
339,0.4248173950561035,-0.026335325092077255,0.41279594214771437,0.9350701196064874,0.6404379813987972,0.6666142546331766,0.4290411472602868,0.7655,0.7165386648948228,0.7469106622521171,0.6017301634325408,0.734,0.6094211099329868,0.6966433003395791,0.4006058141514535,0.529,0.22596487570370233,0.13676064852590405,0.2201395566478511,-0.09500209068104573,0.89,0.764,0.9536842703819275,0.9694755673408508,0.9274730086326599,,0.6326144907462233,0.8692036398921523,0.909766950135576,0.305,0.5048188342998632,0.8163956940316722,0.7987731664639597,0.678564239127146,0.22740249947295935,0.6302838997739344,0.22740249947295935,0.42404791712760925
340,0.42071489584640775,-0.02539573796093464,0.47331725560671667,0.927608007937393,0.6394409561805541,0.6595980523584104,0.43020066855016714,0.7665,0.7141344687855583,0.7499606815614765,0.6123952425988106,0.7325,0.5855826583839263,0.6799019833253626,0.35072381468095365,0.502,0.24060051772493918,0.15235523951665725,0.2331341659605792,-0.08830295453592985,0.892,0.7635,0.9515310525894165,0.9688259363174438,0.9122797846794128,,0.6361355780295441,0.8649998255609991,0.8646663253752479,0.265,0.47489572812064423,0.8298479849569522,0.7869883510084974,0.6761392037361377,0.23040595524914237,0.6308453737376823,0.23040595524914237,0.4229046106338501
341,0.9998821440599952,-0.00028933779685758054,0.9999340324904735,0.9999999999999949,0.9999987214494536,0.9968589475912187,0.9637756674439169,1.0,0.9905620205334666,0.9960719754772762,0.989059888264972,0.968,0.9768501202360471,0.9912298326089543,0.9390412927603232,0.9125,0.9841200368437187,0.9790721837118307,0.9843858675115316,-0.005352727028386406,1.0,1.0,0.999998152256012,0.9995653629302979,0.9975690245628357,,0.9795476124708256,0.9999999990282805,0.9999999762277342,0.92,0.9759176174094989,0.9999200679101898,0.9996000027187285,0.9987839025266692,0.9983027282625665,0.9991516753545384,0.9983027282625665,0.9604531824588776
342,0.4281837304425794,-0.22420358657836914,0.26446888930917223,0.8709575107364469,0.5707880151830627,0.5549940144416929,0.3384338436084609,0.7265,0.4922842936605081,0.6086676425699306,0.48366621541655386,0.5905,0.30513539049190047,0.4803228429062817,0.18318067429516857,0.298,0.08164594981162966,0.027307075616432884,0.07907560663035859,-0.055678311492378466,0.8065,0.755,0.9808814525604248,0.9759045839309692,0.9166525602340698,,0.36565457501769066,0.7099924504144492,0.8889144643948937,0.26,0.2974694131800307,0.8311465539426011,0.7888242985263247,0.6720552647512891,0.2534740158222293,0.6363750332606111,0.2534740158222293,0.23429471254348755
343,0.9705588887088763,-0.010797243565320969,0.9932132652925371,0.988545761972096,0.9946174114348886,0.9031371081909023,0.5706613426653356,0.997,0.8190757088396461,0.8957372930565145,0.8322372955593239,0.8265,0.5760282368059898,0.8078789698740153,0.4932786603196651,0.589,0.6433035065285069,0.5820636701283383,0.6463677075048846,-0.04750512014162345,0.9975,0.999,0.9996315836906433,0.9916430115699768,0.9535077810287476,,0.6133396179704611,0.999120125010579,0.9999734797236086,0.465,0.5981913116690925,0.9841690707730152,0.9659835189450505,0.9492953929583713,0.9503110847388258,0.9624397668538157,0.9492953929583713,0.6900711059570312
344,0.2199558306225599,-0.42833924293518066,0.17702536393499071,0.6397718822774823,0.27610085700040504,0.4249744507417164,0.16137671534417883,0.4185,0.3682039586387248,0.4953133132850611,0.20816248004062002,0.4245,0.35898218305653584,0.4321432775961444,0.1349680132420033,0.262,0.05180572389644905,0.0047807758243227005,0.048535145946548626,-0.055651457881149974,0.7315,0.402,0.9555871486663818,0.9493534564971924,0.9017876982688904,,0.35611884437569347,0.4344799905793189,0.5216016930987574,0.205,0.30615093998948695,0.824281053001464,0.8084205590764579,0.7041965713745431,0.28745341743067515,0.6560879002207851,0.28745341743067515,0.11379034072160721
345,0.24172378409557252,-0.7968726754188538,0.1637742370943512,0.6370793526517106,0.4016901824380631,0.4931486016050342,0.2775939063984766,0.5685,0.44733060082294906,0.5542814576237309,0.46787651846912964,0.5435,0.2955690714444028,0.4168090436486436,0.14441061460265364,0.2745,0.05565860722835183,0.008851030534104201,0.060004709240413026,-0.04094643095251476,0.798,0.574,0.9686388373374939,0.9706665277481079,0.9049282073974609,,0.3207385258951236,0.6103996029834776,0.8487590201484185,0.26,0.29329120936557435,0.8308290493349139,0.7924367816084551,0.7019797582313082,0.29154936051562647,0.654198737422576,0.29154936051562647,0.07859720289707184
346,0.9970923686331216,-0.0013863787753507495,0.9986896587421663,0.9997723305855741,0.9989355990321782,0.9586617955429743,0.6420868305217077,0.9995,0.8723803270697911,0.944212126005288,0.8841369485342372,0.8585,0.7889760718934035,0.8960801729904264,0.6716041109010277,0.719,0.769824108254157,0.735766988445977,0.771835820325106,-0.0346923509159891,0.9995,0.9995,0.9998806118965149,0.9940603971481323,0.9749544262886047,,0.7173311172822737,0.9999995524356962,0.9998490539767773,0.65,0.7581425211578079,0.9988022750123182,0.9966611709618418,0.9851553509285433,0.9808834004576993,0.9903755493401007,0.9808834004576993,0.782343178987503
347,0.45691980489883105,-0.016599910333752632,0.31241509099282394,0.9611361142539843,0.9990342322933078,0.8859050467382377,0.4387738351934588,0.9995,0.7617222424301243,0.8351933276235162,0.8037348419337105,0.795,0.5447493383556814,0.6611165991392933,0.4474189508547377,0.5365,0.14580298964460922,0.0569694080714649,0.15550790655925922,-0.10459382420919089,1.0,1.0,0.9999825954437256,0.988886833190918,0.9412897229194641,,0.5020637583187468,0.995318955889316,0.9995615458341978,0.35,0.29367843565519436,0.8115174544898702,0.7787997016438176,0.6321590664241212,0.18296315842687294,0.6013598452461705,0.18296315842687294,0.34814979135990143
348,0.9950528741055101,-0.0022800536826252937,0.9985032898809902,0.9999999999999949,0.9999851350481218,0.9748978673684533,0.8596725874181469,1.0,0.9653268632056021,0.9697466031266426,0.9663676890919223,0.931,0.9249693306065906,0.9307237809998775,0.8374327688581922,0.827,0.904805233795093,0.8883019820886972,0.9051697154880409,-0.015499210239884986,1.0,1.0,0.9999738335609436,0.9982638955116272,0.9902903437614441,,0.9238810799267472,0.999999964821975,0.9999983691261297,0.74,0.9042235530199696,0.9997733810699622,0.9992566692910155,0.9970558613984006,0.9788339408849849,0.9937299631610907,0.9788339408849849,0.9039347469806671
349,0.4152858864911696,-0.18638481199741364,0.2716993496185333,0.8317522692572293,0.7824229798932544,0.7908739941045533,0.3908878802219701,0.8725,0.706392584898058,0.7935155174180609,0.7491713367928342,0.754,0.4748509740417623,0.6009925401245552,0.3657565004391251,0.48,0.10272414052940582,0.023053141222524786,0.1069686975001937,-0.08168892395433293,0.937,0.861,0.9894445538520813,0.9855743646621704,0.9327576160430908,,0.4486800189267138,0.9110720918520661,0.9943998657143461,0.295,0.275973811339051,0.8168059840988053,0.7977455424842737,0.6796592518236694,0.21725968541814888,0.6278676159562243,0.21725968541814888,0.2622780054807663
350,0.4431628152036301,-0.025548698380589485,0.4794291474155492,0.9325211770951817,0.646335815351495,0.6532913106276647,0.43269196067299015,0.77,0.7277419050743322,0.7340982694535694,0.6061641855410463,0.7405,0.6087877662506116,0.6843972877638673,0.4285081851270463,0.523,0.2339887454217573,0.16289073516047262,0.2371592461173041,-0.09719588719306099,0.8985,0.775,0.9565002918243408,0.9686858057975769,0.9318952560424805,,0.645690677831041,0.878814368266336,0.896618684014225,0.285,0.4827901247602872,0.8525965122518208,0.798004450516133,0.6750533400263466,0.2179053707978005,0.6358899183980252,0.2179053707978005,0.41657260060310364
351,0.46292133602960217,-0.01623973436653614,0.22444078294604894,0.9626467747903222,0.9999754013765876,0.8835358149730593,0.4509354977338744,1.0,0.7624713338210959,0.8348006772681552,0.7879993864998466,0.796,0.5399795452579452,0.655624206347693,0.439554499888625,0.539,0.1554344142690246,0.07451305369779795,0.1592424214565619,-0.09954854734467031,1.0,1.0,0.9999822974205017,0.9870642423629761,0.9414693117141724,,0.4931182559224655,0.9999141751648549,0.9987096915430402,0.35,0.2942394213153831,0.7789244397812866,0.7755079103154399,0.6426721067121254,0.18118316598648107,0.5945719056988332,0.18118316598648107,0.32581210136413574
352,0.4851225074096595,-0.016234049573540688,0.9925098678505238,0.96757183407319,0.9999999999999982,0.9999999999972672,0.9999999909999977,1.0,0.9999999999927828,0.9999999999963732,0.9999999969999992,1.0,0.9999999999853271,0.9999999999917247,0.999999987999997,1.0,0.9999999999015479,0.9999999998720511,0.9999999999056377,-3.192068831481265e-11,1.0,1.0,0.9999999403953552,1.0,1.0,,0.9999999999837783,0.9999999999999989,0.999999999999999,1.0,0.9999999999780134,0.9999999999985547,0.7890362352098259,0.6516943874953011,0.18985233071218285,0.6576457383539661,0.18985233071218285,0.9999999403953552
353,0.45765841899984,-0.01644202508032322,0.3063531522912285,0.9611382770885709,0.9999595516302974,0.886641655433399,0.42391840297960076,1.0,0.7621354613232737,0.836260921866585,0.8058717184679296,0.79,0.5437574235463156,0.6610757738012821,0.44727939531984884,0.5335,0.14660381773966594,0.055831805575522565,0.15529540626589056,-0.1068376366322909,1.0,1.0,0.9999755024909973,0.9890056252479553,0.9408937096595764,,0.5013148319215912,0.9998263134360883,0.9995444937882001,0.35,0.2937081304458685,0.812026462798942,0.7782461063794734,0.6315374516872825,0.1820371151791357,0.6009617840112085,0.1820371151791357,0.345629557967186
354,0.4205524577255017,-0.02703920751810074,0.43306200420068663,0.9454313334120855,0.6253152025696052,0.6198850717397348,0.4404506511126628,0.748,0.712574884806045,0.7015842214776047,0.63416728004182,0.7285,0.5873001302967235,0.6592102530470726,0.3949943292485823,0.511,0.21817470128070487,0.1235989165879437,0.2214308645256232,-0.10903733064092672,0.8675,0.742,0.9582846164703369,0.9727769494056702,0.9324726462364197,,0.6093673503419391,0.8713030693800613,0.904827763793192,0.305,0.45874464518761565,0.8232281929486402,0.80568031100609,0.6674989359596791,0.224702193802618,0.630277408429257,0.224702193802618,0.4269179552793503
355,0.08027550918948333,-0.5140901803970337,0.14948043696132657,0.61862777040971,0.0907702256810594,0.27557235638787947,0.08459557214889303,0.1585,0.14044627687513347,0.329711542630456,0.07779586794896699,0.1475,0.2225234438510794,0.2775264500403368,0.027888393972098493,0.099,0.020629938248400256,-0.016832836803911462,0.017951408583231694,-0.05038108790357792,0.712,0.143,0.8821415305137634,0.8690495491027832,0.8365082144737244,,0.208808281264075,0.1414463566241123,0.16732123684049105,0.085,0.2342329738319687,0.7892859946866704,0.757309314391837,0.6876329684460867,0.35607342899321776,0.647575426629453,0.35607342899321776,0.007962959120050073
356,0.31031830741978106,-0.2676636576652527,0.19475693050199017,0.67569704940482,0.332134018853106,0.5005987381164364,0.1965747116436779,0.473,0.4298674125013566,0.5765044351896969,0.3287763926940982,0.4815,0.3885349300471174,0.4919242365240249,0.20076892869223217,0.318,0.08117027109832019,0.02674729570644793,0.07779542746453694,-0.06677582927968342,0.807,0.464,0.9227150678634644,0.9319709539413452,0.8889384269714355,,0.3958966186679909,0.5052940819561289,0.5973904074716984,0.205,0.3128140073021751,0.8407024973865963,0.8085406153345432,0.7083320565726704,0.2797937871433991,0.6593422391093022,0.2797937871433991,0.20866066962480545
357,0.4769791240830109,-0.01637461967766285,0.35124182710805635,0.9625547643489584,0.9998708852513085,0.8602855633377469,0.3070726532681633,1.0,0.7257008967010667,0.8076307779070832,0.7455577368894343,0.7745,0.47387518207873264,0.6209174715868485,0.39507940176985046,0.5145,0.12661068910989648,0.03642352541075383,0.12801541188915333,-0.0889606479866425,0.9995,1.0,0.9998906850814819,0.9867523908615112,0.9323963522911072,,0.42079623695315854,0.9999172386196823,0.9955609882820431,0.365,0.3240184713155129,0.7929647688856035,0.7767284505221437,0.6238807628972288,0.17872093585363166,0.5930737295396519,0.17872093585363166,0.329587459564209
358,0.9999999999997222,-0.0,0.9999999999974046,0.9999999999999949,1.0000000000000002,1.0,1.0,1.0,1.0000000000000002,1.0,1.0,1.0,1.0,1.0,1.0,1.0,0.9999999999991712,0.9999999999989292,0.9999999999991911,-1.9373391779708982e-13,1.0,1.0,1.0,1.0000001192092896,1.0,,0.9999999999999996,0.9999999999999989,0.999999999999999,1.0,0.9999999999999962,0.9999999999985578,0.9999999999981359,0.9999999999970457,0.9999999999999912,0.9999999999984326,0.9999999999970457,1.0
359,0.46245228029383456,-0.01647755689918995,0.22664174689343944,0.9626149939023682,0.99998691464545,0.8819843630512894,0.44413783053445766,1.0,0.763826594580715,0.8339991720684624,0.788722244180561,0.796,0.5380454504567034,0.6556059641256189,0.4409265727316432,0.5405,0.15400698810126714,0.07739538654833575,0.15700767070166233,-0.10226391948415986,1.0,1.0,0.9999829530715942,0.9873447418212891,0.9425452947616577,,0.4956458644427391,0.9999759628230263,0.9978211758862469,0.35,0.2984639289665489,0.7787508521297021,0.7748161429683562,0.6433336916107603,0.18318931718452688,0.5950225009733363,0.18318931718452688,0.3273227661848068
